uye_no;kaynak_adi;otel_adi;sinif;ilce;adres;telefon;eposta;web_sitesi;enlem;boylam
;Acapulco Beach Club & Resort;Acapulco Beach Club & Resort;5 Yıldız;Girne;Çatalköy;(+90 392) 650 45 00;;https://www.acapulco.com.tr;;
;Almond Holiday Village;Almond Holiday Village;Bungalow;Girne;Alsancak;(+90 392) 821 28 86;;https://www.almond-holidays.com;;
;Altınkaya Holiday Resort Hotel & Bungalows;Altınkaya Holiday Resort Hotel & Bungalows;Tatil Köyü;Girne;Ozanköy;(+90 392) 815 50 01;;https://www.altinkaya-cyprus.com;;
;Ambelia Village;Ambelia Village;Bungalow;Girne;Bellapais;(+90 392) 815 36 55;;https://www.ambeliabellapais.com;;
;Anadol Hotel;Anadol Hotel;2 Yıldız;Girne;;(+90 392) 815 23 19;;;;
;Atlantis Hotel;Atlantis Hotel;1 Yıldız;Girne;;(+90 392) 815 22 42;;;;
;Ardıç Ağacı Tatil Köyü;Ardıç Ağacı Tatil Köyü;1 Yıldız;Gazimağusa;Tatlısu;(+90 542) 883 1963;;;;
;Arkın Palm Beach Hotel;Arkın Palm Beach Hotel;Butik Otel;Gazimağusa;;(+90 392) 366 20 00;;;;
;Balcı Plaza;Balcı Plaza;Bungalow;Karpaz;Yeni Erenköy;(+90 392) 374 50 75;;http://www.balciplaza.com;;
;Bare Hill Holiday Village;Bare Hill Holiday Village;Bungalow;Girne;Alsancak;(+90 392) 821 26 09;;https://www.bare-hill.com;;
;Bella View Hotel;Bella View Hotel;Butik Otel;Girne;Bellapais;(+90 392) 816 11 55;;https://www.bellaview.net;;
;Bellapais Gardens Hotel;Bellapais Gardens Hotel;Özel Sertifikalı;Girne;Bellapais;(+90 392) 815 60 66;;https://www.bellapaisgardens.com;;
;Bristol Hotel;Bristol Hotel;1 Yıldız;Girne;;(+90 392) 815 65 70;;https://www.cyprusbristolhotel.com;;
;Büyük Anadolu Girne Hotel;Büyük Anadolu Girne Hotel;3 Yıldız;Girne;;(+90 392) 444 64 64;;https://www.buyukanadolugirne.com;;
;Caddem Inn Hotel;Caddem Inn Hotel;3 Yıldız;Gazimağusa;;(+90 548) 891 44 44;;https://www.caddemminn.com;;
;Cezar's Airport Hotel;Cezar's Airport Hotel;2 Yıldız;Lefkoşa;Balıkesir;(+90 533) 837 24 57;;https://www.cezarsairporthotel.com;;
;Chamada Prestige Hotel Casino Spa;Chamada Prestige Hotel Casino Spa;5 Yıldız;Girne;Çatalköy;(+90 392) 650 30 00;;https://www.chamadahotels.com;;
;Citrus Tree Gardens;Citrus Tree Gardens;Bungalow;Girne;Alsancak;(+90 392) 821 28 72;;;;
;Club Alda;Club Alda;Bungalow;Girne;Lapta;(+90 392) 821 87 80;;;;
;Club di Mare;Club di Mare;2 Yıldız;Karpaz;Yeni Erenköy;(+90 539) 112 80 80;;https://www.dimarecyprus.com;;
;Concorde Luxury Resort;Concorde Luxury Resort;5 Yıldız;Karpaz;Bafra;(+90 392) 630 00 00;;https://www.concordehotels.com.tr;;
;Concorde Tower;Concorde Tower;5 Yıldız;Lefkoşa;Gönyeli;(+90 392) 680 01 00;;https://www.concordehotels.com.tr;;
;Cratos Premium Hotel & Casino & Spa & Port;Cratos Premium Hotel & Casino & Spa & Port;5 Yıldız;Girne;Çatalköy;(+90 392) 444 42 42;;https://www.cratospremium.com;;
;Çelebi Garden Hotel;Çelebi Garden Hotel;2 Yıldız;Karpaz;Mehmetçik;(+90 392) 375 55 50;;https://www.celebigarden.com;;
;Denizkızı Hotel;Denizkızı Hotel;3 Yıldız;Girne;Alsancak;(+90 392) 821 26 76;;https://www.denizkizi.com;;
;Dome Hotel;Dome Hotel;4 Yıldız;Girne;;(+90 392) 815 24 53;;https://www.hoteldome.com;;
;Dorana Hotel;Dorana Hotel;2 Yıldız;Girne;;(+90 392) 815 35 21;;;;
;Dorona Art Hotel;Dorana Art Hotel;2 Yıldız;Girne;;(+90) 546 992 03 19;;https://www.doranaarthotel.com;;
;Ekor Elegance Hotel;Ekor Elegance Hotel;2 Yıldız;Gazimağusa;;(+90 392) 3668401;;https://www.ekorelegancehotel.com;;
;Elexus Hotel;Elexus Hotel;5 Yıldız;Girne;Çatalköy;(+90 392) 650 1000;;https://www.elexushotel.com;;
;Exotic Hotel;Exotic Hotel;2 Yıldız;İskele;Boğaz;(+90 392) 371 28 81;;https://www.exotichotel.net;;
;Fairmont Cyprus Holiday Village;Fairmont Cyprus Holiday Village;Bungalow;Girne;Edremit;(+90 533) 8297645;;https://www.fairmontcyprus.com;;
;Fian Bungalows;Fian Bungalows;Bungalow;Girne;Karaoğlanoğlu;(+90 392) 822 27 18;;https://www.fianhotel.com;;
;Five Fingers Holiday Bungalows;Five Fingers Holiday Bungalows;Bungalow;Girne;Ozanköy;(+90 392) 815 40 96;;;;
;Flipper's Holiday Village;Flipper's Holiday Village;Bungalow;Girne;Lapta;(+90 392) 821 27 30;;;;
;Gillham Vineyard Hotel;Gillham Vineyard Hotel;Butik Otel;Girne;Ilgaz;(+90) 533 850 69 19;;https://www.gillhamvineyard.com;;
;Grand Pasha Nicosia Hotel Casino Spa;Grand Pasha Nicosia Hotel Casino Spa;5 Yıldız;Lefkoşa;;(+90 392) 610 50 50;;https://pashahotels.com/nicosia/en/;;
;Grand Center Boutique Hotel;Grand Center Boutique Hotel;1 Yıldız;Girne;;(+90 392) 816 01 82;;https://www.grandcenterhotel.com;;
;Grand Pasha Kyrenia Hotel Casino Spa;Grand Pasha Kyrenia Hotel Casino Spa;5 Yıldız;Girne;;(+90 392) 650 66 00;;https://www.pashainternational.com;;
;Grand Sapphire City Hotel;Grand Sapphire City Hotel;3 Yıldız;Gazimağusa;;(+90 392) 444 38 65;;https://www.grandsapphirecity.com;;
;Grand Sapphire Resort;Grand Sapphire Resort;5 Yıldız;İskele;;(+90 392) 444 40 03;;http://www.grandsapphireresort.com;;
;Güzelyurt Hotel;Güzelyurt Hotel;1 Yıldız;Güzelyurt;;(+90 392) 714 34 12;;;;
;Hamsa Hotel;Hamsa Hotel;1 Yıldız;Girne;Alsancak;(+90 392) 821 12 20;;;;
;High Life Holiday Village;High Life Holiday Village;Bungalow;Girne;;(+90 392) 815 33 83;;https://www.highlifecyprus.com;;
;Horse Farm Hotel;Horse Farm Hotel;Apart Otel;Girne;Karaoğlanoğlu;(+90) 533 8343454;;;;
;Hotel British;Hotel British;1 Yıldız;Girne;;(+90 392) 815 22 40;;https://www.britishhotelcyprus.com;;
;Hotel Sempati;Hotel Sempati;3 Yıldız;Girne;Lapta;(+90 392) 821 27 70;;https://www.hotelsempati.com;;
;Hotel Sun;Hotel Sun;2 Yıldız;Lefkoşa;;(+90 392) 228 20 00;;https://www.hotelsun.com;;
;Ingate Hotel;Ingate Hotel;2 Yıldız;Gazimağusa;;(+90 392) 365 02 34;;https://www.ingatehotel.com;;
;Kaan Hotel Apart;Kaan Hotel Apart;Apart Otel;Girne;;(+90 392) 815 45 15;;https://www.kaanhotel.com;;
;Kaşgar Court Hotel;Kaşgar Court Hotel;2 Yıldız;Girne;;(+90 392) 815 59 34;;https://www.kasgarcourt.com;;
;Kaplıca Hotel & Bungalow;Kaplıca Hotel & Bungalow;2 Yıldız;Karpaz;Kaplıca;(+90 392) 387 2032;;;;
;Karpaz Gate Marina;Karpaz Gate Marina;Butik Otel;Karpaz;Yeni Erenköy;(+90 533) 833 0222;;https://www.karpazbay.com;;
;Kaya Artemis Resort & Casino;Kaya Artemis Resort & Casino;5 Yıldız;Karpaz;Bafra;(+90 392) 630 60 00;;https://www.kayahotels.com;;
;Kaya Palazzo Resort Hotel;Kaya Palazzo Resort Hotel;5 Yıldız;Girne;Karaoğlanoğlu;(+90 392) 650 80 00;;https://www.kayahotels.com;;
;Kemerli Konak Butik Otel;Kemerli Konak Butik Otel;Butik Otel;Girne;;(+90 392) 815 63 36;;https://www.kemerlikonak.com;;
;Kocareis Bungalows;Kocareis Bungalows;Bungalow;Gazimağusa;Salamis;(+90 392) 378 82 29;;https://www.kocareisresort.com;;
;Korineum Golf & Beach Resort;Korineum Golf & Beach Resort;Butik Otel;Girne;Esentepe;(+90 392) 600 15 00;;https://www.korineumgolf.com;;
;Kyrenia Jasmine Court Hotel;Kyrenia Jasmine Court Hotel;4 Yıldız;Girne;;(+90 392) 650 00 50;;https://www.jasmin.com.tr;;
;Lapida Hotel;Lapida Hotel;2 Yıldız;Girne;Lapta;(+90) 533 862 15 00;;https://www.lapidahotel.com;;
;La Terrazza Hotel Lounge Bar;La Terrazza Hotel Lounge Bar;Apart Otel;Gazimağusa;;(+90 392) 630 01 00;;https://www.laterrazzacyprus.com;;
;Le Chateau Lambousa;Le Chateau Lambousa;4 Yıldız;Girne;Lapta;(+90 392) 821 35 35;;https://www.lambousahotel.com;;
;Les Ambassadeurs Hotel & Casino;Les Ambassadeurs Hotel & Casino;Butik Otel;Girne;;(+90) 548 874 77 77;;https://www.lesahotel.com;;
;Limak Cyprus Hotel;Limak Cyprus Hotel;5 Yıldız;Karpaz;Bafra;(+90 392) 631 18 81;;https://www.limakcyprus.com;;
;Liman Casino Hotel;Liman Casino Hotel;Butik Otel;Girne;;(+90 392) 815 20 01;;;;
;Lord's Palace Hotel & Spa;Lord's Palace Hotel & Spa;5 Yıldız;Girne;;(+90 392) 650 35 00;;;;
;Merit Crystal Cove Hotel;Merit Crystal Cove Hotel;5 Yıldız;Girne;Alsancak;(+90 392) 650 02 00;;https://www.merithotels.com;;
;Merit Lefkoşa Hotel & Casino;Merit Lefkoşa Hotel & Casino;5 Yıldız;Lefkoşa;;(+90 392) 600 55 00;;https://www.merithotels.com;;
;Merit Park Hotel;Merit Park Hotel;5 Yıldız;Girne;Karaoğlanoğlu;(+90 392) 650 25 00;;https://www.merithotels.com;;
;Merit Royal Gardens;Merit Royal Gardens;Bungalow;İskele;;(+90 392) 371 24 00;;https://www.merithotels.com;;
;Merit Royal Diamond Hotel;Merit Royal Diamond Hotel;5 Yıldız;Girne;Alsancak;(+90 392) 650 99 00;;https://www.merithotels.com;;
;Merit Royal Hotel;Merit Royal Hotel;5 Yıldız;Girne;Alsancak;(+90 392) 650 40 00;;https://www.merithotels.com;;
;Mimoza Hotel;Mimoza Hotel;3 Yıldız;Gazimağusa;Salamis;(+90 392) 444 20 50;;;;
;Mountain View Hotel;Mountain View Hotel;2 Yıldız;Girne;Karaoğlanoğlu;(+90 392) 822 34 53;;http://www.mountainviewcyprus.com;;
;Noah's Ark Deluxe Hotel & Casino;Noah's Ark Deluxe Hotel & Casino;5 Yıldız;Karpaz;Bafra;(+90 392) 630 30 00;;https://www.noahsark.com.tr;;
;Novel Centre Point Hotel;Novel Centre Point Hotel;2 Yıldız;Gazimağusa;;(+90 542) 864 18 84;;https://www.novelcentrepointhotel.com;;
;Olive Tree Hotel;Olive Tree Hotel;3 Yıldız;Girne;Çatalköy;(+90 392) 824 42 00;;https://en.hotelolivetree.com;;
;Olivia Palm Hotel;Olivia Palm Hotel;2 Yıldız;Girne;;(+90) 5391040999;;;;
;Osman Aga Hotel;Osman Aga Hotel;1 Yıldız;İskele;;(+90) 533 820 16 16;;https://www.osmanagacyprus.com/hotel;;
;Park Palace Hotel;Park Palace Hotel;3 Yıldız;Girne;;(+90 392) 815 58 59;;;;
;Pia Bella Hotel;Pia Bella Hotel;4 Yıldız;Girne;;(+90 392) 650 50 00;;https://www.piabella.com;;
;Riverside Garden Resort;Riverside Garden Resort;Tatil Köyü;Girne;Alsancak;(+90 392) 821 89 06;;https://www.riversideholidayvillage.com;;
;Riviera Beach Bungalows;Riviera Beach Bungalows;Bungalow;Girne;Karaoğlanoğlu;(+90 392) 822 20 26;;https://www.rivierahotel-northcyprus.com;;
;Rocks Hotel & Casino;Rocks Hotel & Casino;5 Yıldız;Girne;;(+90 392) 650 04 00;;https://www.rockshotel.com;;
;Romatem Move;Romatem Move;3 Yıldız;Gazimağusa;;(+90 392) 378 96 77;;;;
;Rose Gardens Holiday Village;Rose Gardens Holiday Village;Bungalow;Girne;Lapta;(+90 392) 821 89 27;;https://www.rose-gardens.com;;
;Royal Palace Hotel;Royal Palace Hotel;3 Yıldız;Lefkoşa;Gönyeli;(+90 533) 866 99 33;;https://royal-palace.cyprushotel.net;;
;Salamis Bay Conti Resort Hotel;Salamis Bay Conti Resort Hotel;5 Yıldız;Gazimağusa;Salamis;(+90 392) 378 82 01;;https://www.salamisbayconti.com;;
;Sammys Hotel;Sammys Hotel;2 Yıldız;Girne;;(+90 392) 815 62 79;;;;
;Skali Restoran ve Tatil Köyü;Skali Restoran ve Tatil Köyü;1 Yıldız;Karpaz;Kaplıca;(+90) 533 863 60 63;;;;
;Sky Roof Hotel;Sky Roof Hotel;3 Yıldız;Lefkoşa;;(+90 392) 444 00 60;;https://www.skyroofhotel.com;;
;Sunport Hotel;Sunport Hotel;3 Yıldız;Girne;Alsancak;(+90 392) 821 82 36;;;;
;The Arkın İskele Hotel;The Arkın İskele Hotel;5 Yıldız;Karpaz;Bafra;(+90 392) 632 20 00;;;;
;The Colony Hotel;The Colony Hotel;5 Yıldız;Girne;;(+90 392) 815 15 18;;;;
;The Pine Bay Club Hotel;The Pine Bay Club Hotel;2 Yıldız;Girne;Alsancak;(+90 392) 822 30 32;;;;
;The Ship Inn Hotel;The Ship Inn Hotel;3 Yıldız;Girne;;(+90 392) 815 67 01;;https://www.theshipinn.com;;
;Theresa Hotel;Theresa Hotel;1 Yıldız;Karpaz;Yeni Erenköy;(+90 533) 863 27 87;;https://www.theresahotel.com;;
;Topset Hotel;Topset Hotel;3 Yıldız;Girne;Karaoğlanoğlu;(+90 392) 822 22 04;;https://www.topsethotel.com;;
;Ünbay Resort Hotel;Ünbay Resort Hotel;1 Yıldız;Girne;Karşıyaka;(+90 533) 844 98 43;;;;
;Velmer Hotel;Velmer Hotel;3 Yıldız;Lefke;Gemikonağı;(+90 548) 838 2525;;https://www.velmerhotel.com;;
;Vuni Palace Hotel;Vuni Palace Hotel;5 Yıldız;Girne;;(+90 392) 816 09 20;;https://www.vunipalacehotel.com;;
;White Pearl Hotel;White Pearl Hotel;1 Yıldız;Girne;;(+90 392) 815 04 30;;https://www.whitepearlhotel.com;;
