facility_id;name;city;address;reason;review_by
e5f078c3-feb0-47d7-a393-8082cdee7808;ACARKAN ECZANESİ;;Kordonboyu No: 38, Girne;no agreeing OSM pharmacy;2026-10-29
dfbdc104-7644-4324-8bb2-145455d73785;ADA ECZANESİ;;Salamis yolu, Gazimağusa;no agreeing OSM pharmacy;2026-10-29
ed781fdc-ff0e-4349-b3c5-848e7615d411;ADAŞEHİR ECZANESİ;;Ecevit Caddesi, Girne;no agreeing OSM pharmacy;2026-10-29
3ddcdea7-62de-49bb-bc48-1e357486779f;AHMET MISIRLI ECZANESİ;;Gaz. Hasan Tahsin Cad. 42/6, Kermiya, Lefkoşa;no agreeing OSM pharmacy;2026-10-29
b03f810e-5161-4177-8902-f1dce702e2c6;AKDORA ECZANESİ;;Mumcu Tepe Sos. Anıttepe, Hamitköy, Lefkoşa;no agreeing OSM pharmacy;2026-10-29
37d8e44f-b522-44e5-ad75-e3cf534af60c;ALENBAY ECZANESİ;;Kurtuluş Cad. No: 53/1, Girne;no agreeing OSM pharmacy;2026-10-29
2581510e-8007-4441-b7db-f7b5d4a7b9db;ALEV FARUK ECZANESİ;;Şht. Sonay Özdayı Sok. No: 8, Boğazköy, Girne;no agreeing OSM pharmacy;2026-10-29
8f2ea09f-e3fe-45c7-a919-e907f817e8ce;ALİ ERSOY ECZANESİ;;Kemal Şemiler Cad. No: 65, Metehan, Lefkoşa;no agreeing OSM pharmacy;2026-10-29
48e42deb-ecd7-4a9c-a824-c7e3cbfea334;ALPDOĞAN ECZANESİ;;Nazım Hikmet Cad. No: 124/4, Metehan, Lefkoşa;no agreeing OSM pharmacy;2026-10-29
e74e421b-ca80-46ed-9e40-04a491305113;ALTINCI ECZANESİ;;Şht. Nejdet Levent Sok. No: 4A, Denizli, Lefke;no agreeing OSM pharmacy;2026-10-29
52396e89-49f6-4570-8af3-8e4394f9d2a5;APAYDIN ECZANESİ;;2. Selim Cad., Köşlüçiftlik, Lefkoşa;no agreeing OSM pharmacy;2026-10-29
640f21c9-e349-4ce6-a4bc-f3086c0407c7;ARAS ÖNCÜ ECZANESİ;;15 Ağustos Bulvarı No: 46, Çanakkale, Gazimağusa;no agreeing OSM pharmacy;2026-10-29
18a611e0-a49c-439a-88cc-2f66cba196b0;ARASTA ECZANESİ;;Şht. Eybil H. Çetin Sokak No: 14, Arasta Çarşısı, Lefkoşa;no agreeing OSM pharmacy;2026-10-29
d4e4e08a-8604-44b7-838b-e2732542668b;ARDA ULUPINAR ECZANESİ;;Bedrettin Cad., Kuzey Kavşağı No: 4, Lefkoşa;no agreeing OSM pharmacy;2026-10-29
9c8b601d-60ac-411f-8846-71a2ca0985b6;ARKAN ADIŞANLI ECZANESİ;;Yalı Mah., Tatlısu, Gazimağusa;OSM agrees but 63 m away — hand check;2026-10-29
0ff4e21b-02c2-40ab-8d19-084cc73f375f;ARZUM DAVULCU ECZANESİ;;Şht. Mustafa Yusuf Hacı Sok. No: 3, Yenişehir, Lefkoşa;no agreeing OSM pharmacy;2026-10-29
b288f83e-e506-4ecd-88fc-3bd4ddcf310c;ASLI EREN ECZANESİ;;Ziya Gökalp Caddesi No: 41, Maraş, Gazimağusa;no agreeing OSM pharmacy;2026-10-29
00d8bc49-676c-457b-bc27-052f8bdf728a;ASRIN ÜMİT ECZANESİ;;Karaoğlanoğlu Cad., Karaoğlanoğlu, Girne;no agreeing OSM pharmacy;2026-10-29
558d5fdc-9fb0-40b8-a919-2a9d20beeb8e;ASYA TEKBIYIK ECZANESİ;;İsmet İnönü Bulvarı, Gazimağusa;no agreeing OSM pharmacy;2026-10-29
c99fd188-7de0-47b4-8215-a38bbd6cd21c;AŞAR KARAOĞLANOĞLU ECZANESİ;;Karaoğlanoğlu Cad. No:3, Girne;no agreeing OSM pharmacy;2026-10-29
99ba675c-9891-49c5-bac6-ac28486b61b4;AVİCENNA ECZANESİ;;İskele Boğaz anayolu, İskele;no agreeing OSM pharmacy;2026-10-29
f59f4d80-d4b9-4863-83a1-f6eba73780f6;AYBENK ECZANESİ;;Gülseren yolu, Karakol Bölgesi, Gazimağusa;no agreeing OSM pharmacy;2026-10-29
a9ea62d9-0c95-40b0-beaf-0b943d69a1bc;AYDIN LIFE ALSANCAK ECZANESİ;;Karaoğlanoğlu Cad., Alsancak, Girne;no agreeing OSM pharmacy;2026-10-29
0916d4df-aa80-4af7-b3bf-90db7cefa9ee;AYDIN LIFE ECZANESİ;;Kurtuluş Cad., Doğanköy, Girne;no agreeing OSM pharmacy;2026-10-29
a7d9eb9d-d9f0-4bfd-9440-189b8e5257ea;AYHAN ACARKAN ECZANESİ;;Dr. Salih Miroğlu Caddesi, Girne;no agreeing OSM pharmacy;2026-10-29
d2f6b69f-05d9-43f9-9d1f-be74f2d489e5;AYLAND ECZANESİ;;Karaoğlanoğlu Cad., Karaoğlanoğlu, Girne;no agreeing OSM pharmacy;2026-10-29
c4ee1513-6baf-4b55-9c5e-9e6d3d78d1c2;AYŞE BIYIKOĞLU ECZANESİ;;Yeşilyurt Sokak, Yenikent, Gönyeli, Lefkoşa;no agreeing OSM pharmacy;2026-10-29
fb85ce15-9788-48e3-bac8-580940306dda;AYŞE EMİROĞLULARI ECZANESİ;;Yenikent Bulvarı, Yeniboğaziçi, Gazimağusa;no agreeing OSM pharmacy;2026-10-29
757dcac7-2956-4819-b167-bacae1afefcd;AYŞE KETEN ECZANESİ;;Sakarya Sok. No:18, Alayköy, Lefkoşa;no agreeing OSM pharmacy;2026-10-29
8742c937-d049-4482-be45-dccad0a5c7bf;AYŞE ÖZBEYCAN ECZANESİ;;Topçu Bulvarı, Gazimağusa;no agreeing OSM pharmacy;2026-10-29
96332a80-b85a-4922-9edb-badd45cc5fe6;AYŞEM ÇİL ECZANESİ;;15 Ağustos Bulvarı, Larnaka Yolu, Gazimağusa;no agreeing OSM pharmacy;2026-10-29
a77a098a-f01a-46fb-bacc-d21ec573e108;AYŞEN ALTAN ECZANESİ;;Mareşal Fevzi Çakmak Cad. No:121/1, Lapta, Girne;no agreeing OSM pharmacy;2026-10-29
97f38c2e-7ac9-4bef-b419-3f85075feeb6;AZİZ GÜZELER ECZANESİ;;Gaz. Hasan Tahsin Caddesi, Ortaköy, Lefkoşa;no agreeing OSM pharmacy;2026-10-29
6ca33ce1-713f-4fee-a0ed-b1f53a49a4ad;BAHİRE ÖZSU AKDOĞAN ECZANESİ;;Ali Rıza Efendi Cd., Ortaköy, Lefkoşa;no agreeing OSM pharmacy;2026-10-29
1faf809b-90f7-4749-abd1-9d34dd05e150;BARIŞ ECZANESİ;;Şht. İbrahim Nidai Cad. No:55, Lapta, Girne;no agreeing OSM pharmacy;2026-10-29
9df97178-d71b-4383-ae58-f4921c572aaf;BARIŞER ECZANESİ;;Gazimağusa;no agreeing OSM pharmacy;2026-10-29
38a18a0c-a885-41f3-b3c2-8b46fcec1cfa;BAŞAK ECZANESİ;;Ziya Rızkı Cad. No:31, Girne;no agreeing OSM pharmacy;2026-10-29
13552458-08cd-4f86-ab7c-6dff9872da03;BEHAYİ YILMABAŞAR ECZANESİ;;Okullar Yolu Sokak No: 66A, Küçük Kaymaklı, Lefkoşa;no agreeing OSM pharmacy;2026-10-29
6db89e6a-7e96-42c4-a661-d675590c1151;BERİL ECZANESİ;;Müftü Ziayi Efendi Sok. No 28B, Lefkoşa;no agreeing OSM pharmacy;2026-10-29
6373b6fe-88ff-4ac1-bcc4-5099a352a2af;BERİLAL ECZANESİ;;Atatürk Cad. No:21, Lefkoşa;no agreeing OSM pharmacy;2026-10-29
446f05c2-c505-441e-a9e5-25e82ce4272e;BERKE SEMERCİ ECZANESİ;;Metropol yolu, Taşkınköy, Lefkoşa;no agreeing OSM pharmacy;2026-10-29
7bb1b1bc-59f5-4566-8d9f-7ec64cf606e4;BESİM SEVİNDİK ECZANESİ;;8 Ağustos Cad., Yeni Erenköy, Karpaz;no agreeing OSM pharmacy;2026-10-29
a6206975-fe89-4969-99d5-4849c462096d;BİLGE TÜRKSEVEN ECZANESİ;;Küçük Kaymaklı, Lefkoşa;no agreeing OSM pharmacy;2026-10-29
0c7d8c2e-3530-4c34-b2a9-4beee13e9ba4;BİRGÜN ECZANESİ;;Kemal Aksay Cad. No: 36, Taşkınköy, Lefkoşa;no agreeing OSM pharmacy;2026-10-29
052d57a2-c7c8-4044-adda-b9b4bebbaa69;BUĞÇE BAYRAM ECZANESİ;;Uluçam Sokak, Gazimağusa;no agreeing OSM pharmacy;2026-10-29
4117151d-657a-4c32-b01d-bbedf10625a7;BUĞÇE ECZANESİ;;Zeytinlik yolu, Girne;no agreeing OSM pharmacy;2026-10-29
69f24260-c6e3-4222-8712-3b1384f3e689;BUĞRA ECZANESİ;;Dr. Fazıl Küçük Cad., Akdoğan, Alt Mesarya;no agreeing OSM pharmacy;2026-10-29
ba60b094-735a-4f4e-b30d-9647689fac1c;BURCU GÖKALP ECZANESİ;;Kaliland Bölgesi, Gazimağusa;no agreeing OSM pharmacy;2026-10-29
ba36a30f-b08a-4f29-8f02-fa86ed859351;BUSE AVCI ECZANESİ;;Şht. Mustafa Ruso Caddesi, Küçük Kaymaklı, Lefkoşa;no agreeing OSM pharmacy;2026-10-29
4a1302fe-6ce2-4ae8-be78-b440a3c5c334;BUSE KARŞILI ECZANESİ;;Demir Sok., Yenikent, Lefkoşa;no agreeing OSM pharmacy;2026-10-29
dc3e865e-927f-44ea-a679-a20917fadd9f;BUSE ULUÇAY ECZANESİ;;Şehit İlker Karter Caddesi No: 30/A, Yeni İskele;no agreeing OSM pharmacy;2026-10-29
43261a15-dc97-4786-abde-c1ba22b39b5b;CEMİL BEY ECZANESİ;;Atatürk Cad. No:85, Alayköy, Lefkoşa;no agreeing OSM pharmacy;2026-10-29
6ab50bb0-2071-4915-b3bd-9c079be408a6;CEMİLE FIRINCIOĞLULARI ECZANESİ;;Gaz. Hasan Tahsin Cad. 81/C, Ortaköy, Lefkoşa;no agreeing OSM pharmacy;2026-10-29
e8eed9d7-6e32-4ada-bccc-0b5e60b9e97d;CENGİZ SOLMAZ ECZANESİ;;Naci Talat Cad., Girne;no agreeing OSM pharmacy;2026-10-29
9c265711-2f7d-4e7d-9426-e2cb6281f0ca;CEREN ECZANESİ;;Larnaka Yolu, Gazimağusa;no agreeing OSM pharmacy;2026-10-29
2fc3979a-6f13-4990-8383-37d004324111;CEVHER ECZANESİ;;Mehmet Akif Cad. 101/E, Dereboyu, Lefkoşa;OSM agrees but 107 m away — hand check;2026-10-29
f5243166-2168-437a-be8b-71d788d53cd1;ÇAĞANSOY ECZANESİ;;Kenan Evren Cad., Yenikent, Gönyeli, Lefkoşa;no agreeing OSM pharmacy;2026-10-29
e757dda2-87b8-4f39-a40f-74dd70fb01ce;ÇAĞIN KORKMAZER ECZANESİ;;Atatürk Cad. No:17/A, Yenişehir, Lefkoşa;no agreeing OSM pharmacy;2026-10-29
ee4bf7df-da6a-47fc-beb1-889e1ab32ba8;ÇAĞKAN AKSOY ECZANESİ;;15 Ağustos Bulvarı, Larnaka Yolu, Gazimağusa;no agreeing OSM pharmacy;2026-10-29
a21ff84c-5563-4a54-82f2-a46b6aa11779;ÇAĞLAYAN ECZANESİ;;İffet Oruz Sok., Çağlayan, Lefkoşa;no agreeing OSM pharmacy;2026-10-29
4b773e40-46b9-40a8-952b-cf8713be950d;ÇAĞRI CANDANAL ECZANESİ;;Şht. Hüseyin Amca Cad., Gönyeli, Lefkoşa;no agreeing OSM pharmacy;2026-10-29
972a06f9-de1b-4f4a-b8b0-e3a7818ee209;ÇELER ECZANESİ;;Hazar Sok. No:19, Lefkoşa;no agreeing OSM pharmacy;2026-10-29
23a9939a-3f23-4815-8ff6-bee9c9288031;ÇINARLI ECZANESİ;;Güven Sok. 21A, Hamitköy, Lefkoşa;no agreeing OSM pharmacy;2026-10-29
e5a66be2-5531-40e3-a036-77ba615c1090;ÇİSE SEZEREL ECZANESİ;;Ziya Gökalp Cad. No:34, Gazimağusa;no agreeing OSM pharmacy;2026-10-29
64392ac1-3d37-4e5e-8deb-0237f9ca21dc;ÇİSE YILDIRIM ECZANESİ;;Marmara Bölgesi 4. Sokak No: 5, Lefkoşa;no agreeing OSM pharmacy;2026-10-29
cf7d65fe-77b8-4bcf-8522-97d5b3253692;DAĞMAN ECZANESİ;;Aliriza Efendi Cad., Ortaköy, Lefkoşa;no agreeing OSM pharmacy;2026-10-29
7c5e64c0-912c-40a0-ad52-43bea146fa64;DAMLA KARDÜZ ECZANESİ;;Atatürk Cad., Gönyeli, Lefkoşa;no agreeing OSM pharmacy;2026-10-29
f3562b29-8786-44e6-b53f-8f7a19702e8e;DAMLA ÖNDER ECZANESİ;;Laden Sok. No: 2A, Çamlıbel, Girne;no agreeing OSM pharmacy;2026-10-29
d60a6681-5d66-4acf-a8c2-f171f966675f;DEFNE ECZANESİ;;Atatürk Cad. No:20, Girne;no agreeing OSM pharmacy;2026-10-29
112e24b8-01c9-401c-8b04-a2392be9f569;DEREBOYU ECZANESİ;;Mehmet Akif Cad. No: 51/2, Köşklüçiftlik, Lefkoşa;no agreeing OSM pharmacy;2026-10-29
c52f636a-7972-40e0-9839-9a77bee23e9d;DERVİŞ KUTRET ECZANESİ;;Dr. İzzet Salih Suphi Meydanı No:5, Lefke;no agreeing OSM pharmacy;2026-10-29
9a932f70-ab5b-47b1-9ce9-763cda96c75f;DİDEM ÖZKAYALI ECZANESİ;;2. Selim Caddesi, Köşklüçiftlik, Lefkoşa;no agreeing OSM pharmacy;2026-10-29
af4b0854-89b1-4bc7-9428-4b3ad808deb8;DİLAN PUL ECZANESİ;;Ecevit Cad., Yeşilyurt, Lefke;no agreeing OSM pharmacy;2026-10-29
af055518-6bca-4550-80a0-8a1caf77e905;DİLARA ÖZHAMİT ECZANESİ;;Mete Adanır Cad., Yukarı Girne, Girne;no agreeing OSM pharmacy;2026-10-29
71beff02-fdaf-41d8-badf-24527d3bf6e9;DİLAY KILÇIK ECZANESİ;;Şht. Cumhuryüzlü Sokak, Ortaköy, Lefkoşa;no agreeing OSM pharmacy;2026-10-29
6420544b-f954-4ac1-8a8a-b042f36b13b7;DİLAY MENEKAY ECZANESİ;;Osman Paşa Caddesi No: 43/C, Köşlüçiftlik, Lefkoşa;no agreeing OSM pharmacy;2026-10-29
d42ef4b5-a3c1-40ff-a37a-efe4731f847e;DİLEM UZCAN ECZANESİ;;Şht. Hüseyin Amca Caddesi, Gönyeli, Lefkoşa;no agreeing OSM pharmacy;2026-10-29
4062fd5a-c109-462b-aa74-865b04dac33d;DİMAY KAĞCAN ECZANESİ;;9. Yavuz Konnolu Sok., Ortaköy, Lefkoşa;no agreeing OSM pharmacy;2026-10-29
befe02db-8839-4b31-b269-ca266f150cad;DOĞUŞ ACARÖZ ECZANESİ;;Atatürk Cad. No:1, İnönü, Alt Mesarya;no agreeing OSM pharmacy;2026-10-29
0080ac42-3285-48b2-897c-5b6b044b2baf;DÖRTYOL ECZANESİ;;Recep Tayip Erdoğan Cad. No:C-1, Dörtyol, Alt Mesarya;no agreeing OSM pharmacy;2026-10-29
e1b81724-872f-4dbe-96a8-6cd03067ab3b;DÜNYA ECZANESİ;;Salih Miroğlu Cad., Zeytinlik yolu, Girne;no agreeing OSM pharmacy;2026-10-29
b89966d9-ad67-4586-8ae4-5573635e9bb7;ECE ECZANESİ;;Mustafa Kemal Bulvarı, Gazimağusa;no agreeing OSM pharmacy;2026-10-29
683b32b2-081d-43e2-9bfd-746e381701de;EDA ATAÇAĞ ECZANESİ;;Dr. Salih Miroğlu Cad. 45/2, Zeytinlik yolu, Girne;no agreeing OSM pharmacy;2026-10-29
8f7bad10-c765-4803-9bc9-2f808fef4e49;EMİNE KESKİN ECZANESİ;;Atatürk Cad., Gönyeli, Lefkoşa;no agreeing OSM pharmacy;2026-10-29
30fb6d40-6052-4b5e-98d7-147e4fbbab90;EMİR ECZANESİ;;Gülseren Yolu, Karakol Bölgesi, Gazimağusa;no agreeing OSM pharmacy;2026-10-29
014e7138-a495-44ba-a90e-d23f98e76fc1;ENVER POLİLİ ECZANESİ;;Girne;no agreeing OSM pharmacy;2026-10-29
f1dabfeb-480e-495c-9207-2dc9f4f97e0c;ERDOĞAN ÖZİKİZ ECZANESİ;;Karaoğlanoğlu Cad., Girne;no agreeing OSM pharmacy;2026-10-29
246d239e-83db-4d20-9945-ca1e793c61b6;EREN ECZANESİ;;Şht. Kemal Ünal Cad. No: 53, Taşkınköy, Lefkoşa;no agreeing OSM pharmacy;2026-10-29
ffa85a76-5464-4750-b917-1f1a6a35d6ee;ERGİN ECZANESİ;;Gazimağusa;no agreeing OSM pharmacy;2026-10-29
c113fad2-c7da-4234-b256-37b8860bb17d;ERSAĞ ECZANESİ;;Fuar Yolu üzeri, Lefkoşa;no agreeing OSM pharmacy;2026-10-29
c2326328-ed3f-473b-b9c4-bf35b06753af;ERSU ADAN ECZANESİ;;Dr. Fazıl Küçük Bulvarı, Ötüken, İskele;no agreeing OSM pharmacy;2026-10-29
e009af31-bb0d-4462-be2b-35d79dce26a6;ERTUĞ EMİN ECZANESİ;;İsmet İnönü Bulvarı, Sakarya, Gazimağusa;no agreeing OSM pharmacy;2026-10-29
edfe1242-a48e-4ba8-b4c5-1de5224eeb15;ERTUNGA ECZANESİ;;Marmara Bölgesi 4. Sokak No: 19, Lefkoşa;no agreeing OSM pharmacy;2026-10-29
604e6570-dc9b-46d8-b477-21cdeffe4e57;ESAT ÇELEBİ ECZANESİ;;Dr. Fazıl Küçük Cad. No: 47, Dikmen, Girne;no agreeing OSM pharmacy;2026-10-29
b7ece669-f7c1-43d7-88cd-7e14c422640d;ESER AVCI ECZANESİ;;Özgürlük Cad. No: 11/B, Cihangir, Üst Mesarya;no agreeing OSM pharmacy;2026-10-29
d5e0037f-6aac-47d9-8c9d-050fc4232fd3;EYLÜL DALKILINÇ ECZANESİ;;Şht. İbrahim Hasan Sokak, Çanakkale, Gazimağusa;no agreeing OSM pharmacy;2026-10-29
d093796c-0cdd-4acb-82f9-216efe4f7073;FATMA KAHYAOĞLU ECZANESİ;;Çayırova, İskele, Karpaz;no agreeing OSM pharmacy;2026-10-29
1cd9f0cd-1129-4edb-9808-1df80354c59f;FATMA SARAÇ ECZANESİ;;20 Temmuz Sok. No: 2, Esentepe, Girne;no agreeing OSM pharmacy;2026-10-29
13263f06-909a-4933-997a-fe32af6648cd;FATMA YÜRÜN ECZANESİ;;Bolu Sok. No: 74/C, Küçük Kaymaklı, Lefkoşa;no agreeing OSM pharmacy;2026-10-29
5520cce8-6de5-4802-b010-263bfc5b39b3;FAYDALI ECZANESİ;;Devlet Hastanesi Yolu, Gazimağusa;no agreeing OSM pharmacy;2026-10-29
f60c719e-5296-489f-a0e6-88db01f0c27b;FİRUZ ERGİL ECZANESİ;;Yakındoğu Bulvarı 40/D, Taşkınköy, Lefkoşa;no agreeing OSM pharmacy;2026-10-29
98372786-71ad-49f0-8103-60dbcfc1a70b;FULDEN DONANGİL ECZANESİ;;Osman Paşa Cad. No:29/B, Köşlüçiftlik, Lefkoşa;no agreeing OSM pharmacy;2026-10-29
3e7d55a8-575f-4e8c-8535-f8457eee821c;FUNDA ERSÖZLÜ ECZANESİ;;Anafartalar Caddesi, Karakol, Gazimağusa;no agreeing OSM pharmacy;2026-10-29
b2f9d5e7-a1b6-496e-8034-0f98d731acf7;GALEN ECZANESİ;;Kemal Aşık Cad. 62/1, Küçük Kaymaklı, Lefkoşa;no agreeing OSM pharmacy;2026-10-29
d548204d-1bf8-4f0e-b888-23a75a9b8eee;GİRNE ECZANESİ;;Işıl Sok., Girne;no agreeing OSM pharmacy;2026-10-29
fe8fe2af-1c01-4c8b-9a8e-fa6e90afd7cc;GİZEM BEHLÜL ECZANESİ;;Atatürk Cad., Gönyeli, Lefkoşa;no agreeing OSM pharmacy;2026-10-29
aa34cb6e-3e96-4e64-9f53-a279d29fe85d;GİZEMGÜL ECZANESİ;;Yeniboğaziçi, Gazimağusa;no agreeing OSM pharmacy;2026-10-29
c372cff2-74e0-4055-918b-ca97e2c42054;GÖKBERK ALP YAKAR ECZANESİ;;Mekanizi Cad., İskele;no agreeing OSM pharmacy;2026-10-29
c62e55cd-fa3f-4a02-9dad-5f8237c875a1;GÖNÜL ECZANESİ;;Gaz. Hasan Tahsin Cad., Ortaköy, Lefkoşa;no agreeing OSM pharmacy;2026-10-29
39043812-b9dd-46a9-8612-70566030b97d;GÖNÜL GÜRDAĞ ECZANESİ;;Dr. Fazıl Küçük Cad. No 30, Demirhan, Üst Mesarya;no agreeing OSM pharmacy;2026-10-29
776e4a7d-4e4e-413b-9f6e-6e015d31fb8a;GÜLFİDAN ECZANESİ;;İstiklal Cad. No:195/2, Yeniboğaziçi, Gazimağusa;no agreeing OSM pharmacy;2026-10-29
cee7377b-90fc-4fce-bffe-891ef388890f;GÜLİSTAN ARICI ECZANESİ;;Hasane Ilgaz 13/C, Köşlüçiftlik, Lefkoşa;no agreeing OSM pharmacy;2026-10-29
14025c6a-cf02-439e-9d38-7cd3a0a6e543;GÜLİZAR ÖZTEKNİK ECZANESİ;;Şht. Mustafa Ruso Cad., Küçük Kaymaklı, Lefkoşa;no agreeing OSM pharmacy;2026-10-29
a7b9f539-ca93-4d9f-b1aa-be434999d3df;GÜNAY VARIŞ ECZANESİ;;Uğur Mumcu Cad., Karakum, Girne;no agreeing OSM pharmacy;2026-10-29
c9648afc-11c0-4f64-818c-5914c4db005f;GÜNDAL ECZANESİ;;Uğur Mumcu Bulvarı, Karakum, Girne;no agreeing OSM pharmacy;2026-10-29
3b193452-1718-4816-b8c2-58aa2f1e6725;GÜNER BİNBOĞA ECZANESİ;;Atatürk Cad. No: 4, Paşaköy, Alt Mesarya;no agreeing OSM pharmacy;2026-10-29
9284844f-326b-4011-a0a2-a5e8de7742bb;GÜRSOY ECZANESİ;;Akdoğan, Alt Mesarya;no agreeing OSM pharmacy;2026-10-29
49250c54-becb-4d0b-91b7-d51fbf6cc029;GÜZER ECZANESİ;;Çanakkale, Gazimağusa;no agreeing OSM pharmacy;2026-10-29
b465ddd4-211b-40eb-b232-889d665b401b;HACER BALIKÇI ECZANESİ;;Mustafa Kemal Bulvarı, Gazimağusa;no agreeing OSM pharmacy;2026-10-29
fd26a1b7-3bec-497c-9d7d-aaefee225a88;HAKAN ECZANESİ;;Kocatepe Sok. No:1, Gazimağusa;no agreeing OSM pharmacy;2026-10-29
12f3f0bf-cc46-4f4b-a442-fa5322d9ccbb;HALİL HAMZALAR ECZANESİ;;Halil Hamza Yolu, Kaliland Bölgesi, Gazimağusa;no agreeing OSM pharmacy;2026-10-29
763ed660-3550-4863-8275-5a3fca55e640;HALK ECZANESİ;;Namık Kemal Meydanı, Suriçi, Gazimağusa;no agreeing OSM pharmacy;2026-10-29
a829e8e5-7c5f-4d01-a1ee-972334553bdf;HALKIN ECZANESİ;;Ulucam Yolu, Sakarya, Gazimağusa;no agreeing OSM pharmacy;2026-10-29
07082027-4c9e-4165-ba54-b35c43dfbf27;HALKSEVER ECZANESİ;;Şht. Hüseyin Amca Cad. No:97, Gönyeli, Lefkoşa;no agreeing OSM pharmacy;2026-10-29
9070e195-4890-4839-a699-978b7d84da8b;HANDE BESMEL ECZANESİ;;Gülseren Yolu, Karakol Bölgesi, Gazimağusa;no agreeing OSM pharmacy;2026-10-29
ede2028f-f966-4fa6-8f5f-ce66da87b6bc;HATİCE SOYER ECZANESİ;;Cengizköy, Lefke;no agreeing OSM pharmacy;2026-10-29
bb3c8238-93e9-4549-9047-1643080f3ce5;HERA AKESEN ECZANESİ;;Şht. Hüseyin Kafa Cad. No:2, Beyarmudu, Alt Mesarya;no agreeing OSM pharmacy;2026-10-29
eb1f28c4-7fd1-4149-914a-7032172c017b;HİÇKORKMAZ ECZANESİ;;Kaliland, Gazimağusa;no agreeing OSM pharmacy;2026-10-29
58420e90-c47b-4187-99ae-91c80349b0f2;HOCANIN ECZANESİ;;Belediye Dük No: 1, Vadili, Alt Mesarya;no agreeing OSM pharmacy;2026-10-29
30d51318-394e-40a6-b91c-382793fac16f;HÜSEYİN KERİM SAKALLI ECZANESİ;;Şht. Yzb. Tekin Yurdabak Cad., Ortaköy, Lefkoşa;no agreeing OSM pharmacy;2026-10-29
af03e249-5136-44bb-8694-26dd95bb02af;İBRAHİM BARDAK ECZANESİ;;Sakarya Sok., Yukarı Girne, Girne;no agreeing OSM pharmacy;2026-10-29
67479c90-27b2-4a23-aa53-4a41bed072e3;İÇTEN ECZANESİ;;Eşref Bitlis Cad., Gazimağusa;no agreeing OSM pharmacy;2026-10-29
a57c5654-70ae-4c65-8632-a0514cf5abc9;İLGEN ECZANESİ;;Bedrettin Demirel Cad., Girne;no agreeing OSM pharmacy;2026-10-29
153cc54a-712e-4b91-8712-60a205395f7a;İLKİN SADRAZAM ECZANESİ;;Binatlı Sok. No:6A/B, Güzelyurt;no agreeing OSM pharmacy;2026-10-29
020e8b01-93ca-4740-af16-e4849dba4da5;İLKSEN ECZANESİ;;Belediye Dükkanları No:18, Gemikonağı, Lefke;no agreeing OSM pharmacy;2026-10-29
4b87ca4e-e6a2-401c-8250-f232dedccf2f;İMGE ECZANESİ;;Yaman Bey Sokak No: 8, Göçmenköy, Lefkoşa;no agreeing OSM pharmacy;2026-10-29
4175b987-561c-476b-b543-186e3dac70a0;İNANLI ECZANESİ;;Şht. Mustafa Ruso Cad., Küçük Kaymaklı, Lefkoşa;no agreeing OSM pharmacy;2026-10-29
2c2d7b06-ec4c-487a-bde6-00c2042bb2b7;İNEM MİMAR ECZANESİ;;Hasan Barbaçolli Sok., Sakarya, Gazimağusa;no agreeing OSM pharmacy;2026-10-29
ae2b14e3-3996-4542-ad71-7fc76193498e;İPEK YÖNEY ECZANESİ;;Karaoğlanoğlu Cad., Karaoğlanoğlu, Girne;no agreeing OSM pharmacy;2026-10-29
06eb9416-d38f-4480-bbe6-987177f77d68;İSKELE ECZANESİ;;Şht. İlker Karter Cad., İskele;no agreeing OSM pharmacy;2026-10-29
1c5c5908-7dbd-4f94-b739-5f784921c5db;İZEM ECZANESİ;;İsmail Beyoğlu Cad. 44/A, Küçük Kaymaklı, Lefkoşa;no agreeing OSM pharmacy;2026-10-29
2c1c1863-198a-4424-ac0f-1fd4d44c5c1d;KAĞAN KANDEMİR ECZANESİ;;Samanyolu Sokak, Kaliland, Gazimağusa;no agreeing OSM pharmacy;2026-10-29
f2b3bad0-1aaf-4555-af1e-7b449203f23a;KANDİL ECZANESİ;;Karaoğlanoğlu Cad., Karaoğlanoğlu, Girne;no agreeing OSM pharmacy;2026-10-29
b5d09138-7828-4106-b538-424799865868;KAPTAN CAN ECZANESİ;;Dokuz Yavuz Konnolu Sokak No: 11B, Ortaköy, Lefkoşa;no agreeing OSM pharmacy;2026-10-29
1a36c72e-38d3-435d-9f75-178eeb1d6b47;KARAOĞLANOĞLU ECZANESİ;;Karaoğlanoğlu Caddesi No: 2, Girne;no agreeing OSM pharmacy;2026-10-29
cbe4eef0-b3a0-4790-bc48-e1ac4453dd59;KARPUZOĞLU ECZANESİ;;Uğur Mumcu Cad., Karakum, Girne;no agreeing OSM pharmacy;2026-10-29
01c86389-4ba4-4be7-8f2a-7516e71af349;KERMİYA ECZANESİ;;Kemal Şemiler Cad. No:24, Metehan, Lefkoşa;no agreeing OSM pharmacy;2026-10-29
e6bc6301-105f-4217-81d1-849ecc9bded6;KEZBAN DOYGUNEL ECZANESİ;;Atatürk Cad. No: 2/A, Geçitkale, Üst Mesarya;no agreeing OSM pharmacy;2026-10-29
eea1428d-4cdf-45f9-9110-aa44c839e8d8;KEZİBAN TİLKİ ECZANESİ;;Atatürk Cad., Gönyeli, Lefkoşa;no agreeing OSM pharmacy;2026-10-29
5a790396-a2d7-418c-8c0a-5f0addfbafc4;KINAY ECZANESİ;;Mersinli Sok. No: C/4, Türkmenköy, Alt Mesarya;no agreeing OSM pharmacy;2026-10-29
9c0aa1e7-195b-40eb-a389-b3ef544eeb08;KIZILBAŞ ECZANESİ;;Kemal Aksay Cad. No: 43/2, Taşkınköy, Lefkoşa;no agreeing OSM pharmacy;2026-10-29
5a259205-328c-4f68-a12f-4543f6b6737b;KUDRET ECZANESİ;;Vatan Cad. No:95, Vadili, Alt Mesarya;no agreeing OSM pharmacy;2026-10-29
9af72767-4973-4102-a9ef-5e52540dd6ae;KUNTER GÜVEN ECZANESİ;;Karakız Sokak No: 2, Gazimağusa;no agreeing OSM pharmacy;2026-10-29
31de1925-b301-4377-9438-d1f8d44b7b54;KÜÇÜK ECZANESİ;;Canbulat Sok. No:5/C, Girne;no agreeing OSM pharmacy;2026-10-29
0bcc5561-c9d7-4fbc-bb72-7ffa76c182e8;LA PHARMA ECZANESİ;;Şht. Mustafa Mehmet Sok. 71/C, Göçmenköy, Lefkoşa;no agreeing OSM pharmacy;2026-10-29
0108d45c-c17a-488d-b8b4-89c8b47e957d;LADEN AKBATUR ECZANESİ;;Selçuklu Cad. No:46, Lefkoşa;no agreeing OSM pharmacy;2026-10-29
83f240d7-db72-4d9d-b1e6-1a92c2fbd0ff;LAİKA GÖKÇEKUŞ ECZANESİ;;Belediye Bulvarı No:3713, Yenikent, Gönyeli, Lefkoşa;no agreeing OSM pharmacy;2026-10-29
6f1b36d3-70e8-44f6-b805-b27596df1491;LARNAKA YOLU ECZANESİ;;15 Ağustos Bulvarı, Çanakkale, Gazimağusa;no agreeing OSM pharmacy;2026-10-29
63b6ed29-220a-4690-a847-5cb05542fb7a;MALEK ECZANESİ;;Yzb. Tekin Yurdabak Cad., Marmara Bölgesi, Lefkoşa;no agreeing OSM pharmacy;2026-10-29
3c0d939a-a0f8-4a18-844e-2531150d4ccd;MARYAM ECZANESİ;;Ankara Cad. No: 1, Alsancak, Girne;no agreeing OSM pharmacy;2026-10-29
2722dd36-f1bf-45d7-95a1-bce52dd7fda6;MEHMET ARTER ECZANESİ;;15 Ağustos Bulvarı, Larnaka Yolu, Gazimağusa;no agreeing OSM pharmacy;2026-10-29
d05fbedc-02d1-44fa-b24e-93b22c9f9963;MEHMET GAZİKÖYLÜ ECZANESİ;;Uğur Mumcu Cad., Karakum, Girne;no agreeing OSM pharmacy;2026-10-29
5ecd88e3-677a-45fe-a7dd-8645bbfffcbb;MEHMET HOCA ECZANESİ;;Özgürlük Cad., Türkmenköy, Alt Mesarya;no agreeing OSM pharmacy;2026-10-29
c47b23fc-f216-4a8d-8a5d-5d0a13b8fe5d;MEHMET İLBAN ECZANESİ;;Atatürk Cad., Boğaz, İskele;no agreeing OSM pharmacy;2026-10-29
b74ad2e3-58e1-4ed2-8bd3-3e37d637294d;MEHMET KAMİLOĞLU ECZANESİ;;Mustafa Çağatay Cad. No: 41/C, Girne;no agreeing OSM pharmacy;2026-10-29
8a636423-00d6-4876-858f-2be056125d38;MEHMETALİ BEYAZ ECZANESİ;;Eşref Bitlis Cad., Gazimağusa;no agreeing OSM pharmacy;2026-10-29
c64d1831-e14c-4b27-830a-438cb60734e1;MELEK İBRAHİM ECZANESİ;;Öztürk Cad. No: 10, Mehmetçik, Karpaz;no agreeing OSM pharmacy;2026-10-29
670cd61a-95a0-4502-bf07-d2b25c682696;MELİKE BARBAROS ECZANESİ;;Şht. İbrahim Hasan Cad., Gazimağusa;no agreeing OSM pharmacy;2026-10-29
a4d15cba-37f0-4e04-8b8c-2695c1682b3a;MELİKE DEMİRSÖZ ECZANESİ;;Gençlik Sokak No: 40, Dumlupınar, Gazimağusa;no agreeing OSM pharmacy;2026-10-29
f2e16b6d-3fb8-454c-83f4-126a89a1d5b0;MELİS UZUN ECZANESİ;;Işıl Sokak, Girne;no agreeing OSM pharmacy;2026-10-29
6881655a-61bf-4a8d-9b61-2bae71b2d1d9;MELİSA İŞİMTEKİN ECZANESİ;;Uğur Mumcu Caddesi, Ozanköy, Girne;no agreeing OSM pharmacy;2026-10-29
405102d8-2eca-4c07-9684-16b7f3a4719b;MELİZ 2 ECZANESİ;;Beyoğlu Sok. No:11, Girne;no agreeing OSM pharmacy;2026-10-29
8f959eac-3678-430b-889f-afe0b7df2c42;MELİZ ECZANESİ;;Lefkoşa-Mağusa Anayolu, Demirhan, Üst Mesarya;OSM agrees but 112 m away — hand check;2026-10-29
1ccb025c-e9b7-4050-92fd-1e9033aa7683;MERVE BİLLUR ECZANESİ;;Atatürk Cad., Gönyeli, Lefkoşa;no agreeing OSM pharmacy;2026-10-29
7ed56dd6-0784-43f2-9ad8-8b0c88abe16d;MEVA ECZANESİ;;Ordu Sok. No:15/A, Çanakkale, Gazimağusa;no agreeing OSM pharmacy;2026-10-29
9ae45b78-43e2-4abe-ab26-4dbd5e90903e;MEVLÜT KAÇMAZ ECZANESİ;;Makenzi Cad., Cevizli, İskele;no agreeing OSM pharmacy;2026-10-29
daf21470-880b-4a9e-be88-96f5a558687d;MİEL ECZANESİ;;Aydemet Mahallesi, Nazım Hikmet Cad. No: 46/B, Lefkoşa;no agreeing OSM pharmacy;2026-10-29
314966c2-1a69-48bb-95d0-9c83c900dbb6;MOR SAFİR ECZANESİ;;Şht. Halil Mustafa Sokak, Lefkoşa;no agreeing OSM pharmacy;2026-10-29
e47d6c9f-6ca5-41a2-8e61-094652be1358;MUSTAFA GÜRMAN ECZANESİ;;Kemal Şemiler Cad. No: 6/B, Kermiya, Lefkoşa;no agreeing OSM pharmacy;2026-10-29
5060fc8e-2db8-4702-be91-908f36ccaded;MUSTAFA PEHLİVAN ECZANESİ;;Şht. Ecvet Yusuf Cad. No: 88, Kızılbaş, Lefkoşa;no agreeing OSM pharmacy;2026-10-29
8011a4ac-543e-4b86-935c-1f343336c42a;NADİRE GÖKALP ECZANESİ;;Salamis Yolu, Gazimağusa;no agreeing OSM pharmacy;2026-10-29
979a26b7-ddda-43d7-b649-f3ca05723cbb;NALAN ECZANESİ;;Kordonboyu Cad. No:35/B, Bahçeler, İskele;no agreeing OSM pharmacy;2026-10-29
f87bbb00-9172-4afe-9253-b92073ca99d9;NASİM ECZANESİ;;Salamis Yolu, Gazimağusa;no agreeing OSM pharmacy;2026-10-29
dccb5cdc-f155-4ac0-95ea-ed9b7ce300a6;NAZIM VARIŞ ECZANESİ;;Karaoğlanoğlu Cad., Alsancak, Girne;no agreeing OSM pharmacy;2026-10-29
4c46ef9d-df24-4091-9fd7-c3792b554911;NECATİBEY ECZANESİ;;Osman Paşa Cad. No: 9/7, Köşlüçiftlik, Lefkoşa;no agreeing OSM pharmacy;2026-10-29
b40694ca-db13-47b2-84f7-f034ae6fda6d;NECLA EMİN ECZANESİ;;Rıza Vuruşkan Sok. No: 4A, Kumsal, Lefkoşa;no agreeing OSM pharmacy;2026-10-29
d058a7a3-d28c-456d-9dad-eab0b3f39e1f;NEJLA ERÇAL ECZANESİ;;Üniversite Yolu Sok. No:63/B, Karaoğlanoğlu, Girne;no agreeing OSM pharmacy;2026-10-29
87157fc8-afed-4284-bbaf-3a6a9b21c17b;NESRİN HATİPOĞLU ECZANESİ;;Nalbant Sokak, Yukarı Girne, Girne;no agreeing OSM pharmacy;2026-10-29
6b7f5c37-49d3-4e29-803c-a12874529076;NİLCAN YAVUZCAN ECZANESİ;;Gaz. Hasan Tahsin Caddesi, Ortaköy, Lefkoşa;no agreeing OSM pharmacy;2026-10-29
d6b3b511-e0c1-4195-b7d1-8b9da7228066;NİLHAN SOYSAL ECZANESİ;;Silahlı Kuvvetler Cad., Gazimağusa;no agreeing OSM pharmacy;2026-10-29
996741ae-e7f2-4a35-8443-2cb4f90e2bd3;NURÇAĞ ECZANESİ;;Semih Sancar Caddesi, Yukarı Girne, Girne;no agreeing OSM pharmacy;2026-10-29
646fc862-9055-4bda-b1a7-0cb8b8f4930a;OBA 2 ECZANESİ;;Dr. Necmettin Erbakan Cad. No: 49, Küçük Kaymaklı, Lefkoşa;no agreeing OSM pharmacy;2026-10-29
998a1998-f8b1-4f0a-a6b8-0c9bf7f347d0;OBA ECZANESİ;;Gaz. Hasan Tahsin Cad. No: 79/D, Ortaköy, Lefkoşa;no agreeing OSM pharmacy;2026-10-29
602fbae2-598e-442a-ab00-668cca211c6c;ODUNCUOĞLU ECZANESİ;;15 Ağustos Bulvarı, Gazimağusa;no agreeing OSM pharmacy;2026-10-29
a35a1275-4ca4-4ba7-94a0-7d2589da59ee;OLGUN KAHYAOĞLU ECZANESİ;;Ada Cad. Bafra No: 37/E, Mehmetçik, Karpaz;no agreeing OSM pharmacy;2026-10-29
c2967b6d-b399-46e0-b331-302c9f3e5f35;ORÇUN ÖZKASAP ECZANESİ;;Karaoğlanoğlu Caddesi, Karaoğlanoğlu, Girne;no agreeing OSM pharmacy;2026-10-29
68293844-cdff-49a9-89a0-fd69a4ac5ee3;ORHAN BERKE ECZANESİ;;Öğretmenler Cad., Ortaköy, Lefkoşa;no agreeing OSM pharmacy;2026-10-29
add7f9d3-bec3-4534-8c1c-080f05b8590c;ORTAKÖY ECZANESİ;;Gaz. Hasan Tahsin Cad., Ortaköy, Lefkoşa;no agreeing OSM pharmacy;2026-10-29
7a35105d-a3bb-4c03-9b2e-91c5bdee81bc;OSMAN ULUŞAN ECZANESİ;;Yeni Elye Sokak No:196, Doğancı, Lefke;no agreeing OSM pharmacy;2026-10-29
d120bc1b-7f44-4fed-a6e8-1bdf456b74b2;OSMANKAN ECZANESİ;;Hüseyin Durmuş Sok., Larnaka Yolu, Gazimağusa;no agreeing OSM pharmacy;2026-10-29
f3aa0386-88b2-47e8-9402-40e2a9ee2815;ÖNAL AKTOLGA ECZANESİ;;Karaoğlanoğlu Cad. No:33, Girne;no agreeing OSM pharmacy;2026-10-29
d36a2af5-da44-4731-8f5b-a8330aaebc63;ÖREN ECZANESİ;;Cengizhan yolu No: 91, Maraş, Gazimağusa;no agreeing OSM pharmacy;2026-10-29
c9cff4a9-9560-405c-a890-555af8154b6b;ÖZAY ECZANESİ;;Altay Sok., Baykal, Gazimağusa;no agreeing OSM pharmacy;2026-10-29
1d7db42d-1b2b-4f12-a378-d4dae39276ab;ÖZÇALIŞKAN ECZANESİ;;Belediye Bulvarı, Yenikent, Lefkoşa;no agreeing OSM pharmacy;2026-10-29
3445f0a8-bed5-4bdc-a4fe-68b7c1d5748a;ÖZENİR ECZANESİ;;Mareşal Fevzi Çakmak Cad., Lapta, Girne;no agreeing OSM pharmacy;2026-10-29
5f3738d2-f9a8-45e2-b9a9-909713c90194;ÖZERÇAL ECZANESİ;;Raif Denktaş Cad., Göçmenköy, Lefkoşa;no agreeing OSM pharmacy;2026-10-29
d3cb62be-4fe6-4aec-9d91-5431b4e07e59;ÖZGE KALE ECZANESİ;;Şht. İbrahim Hasan Sok., Gazimağusa;no agreeing OSM pharmacy;2026-10-29
899d6073-d961-462f-a666-c75bae99be1d;ÖZGE ÖZÇINAR ECZANESİ;;Mete Adanır Cad., Girne;no agreeing OSM pharmacy;2026-10-29
cee38458-c347-4aba-a4d6-000ce4768b35;ÖZNEM KILINÇKINI ECZANESİ;;Mehmet Akif Cad., Dereboyu, Lefkoşa;no agreeing OSM pharmacy;2026-10-29
145df30b-4914-4a36-85b0-2bdcb1c3dfe0;ÖZNERGİS ECZANESİ;;Salamis Yolu, Gazimağusa;no agreeing OSM pharmacy;2026-10-29
73f70911-c684-4973-ac74-c2ae2fe02122;PAPATYAM ECZANESİ;;Şht. Gültekin Şengör Sok., Kumsal, Lefkoşa;no agreeing OSM pharmacy;2026-10-29
8d237ab5-d956-481c-8033-a2e6ccc77b9d;PEMBE SADIKOĞLU ECZANESİ;;Kutlu Adalı Bulvarı, Güzelyurt;no agreeing OSM pharmacy;2026-10-29
64bde5cb-0a71-4559-b080-9210d386017e;PERTEV ZEKİ ECZANESİ;;Larnaka Yolu No: 78D, İskele;no agreeing OSM pharmacy;2026-10-29
d6ca568c-a11e-4ce4-ad94-5d688fb76735;PERVİN ECZANESİ;;Haydar Aliyev Cad., Küçük Kaymaklı, Lefkoşa;no agreeing OSM pharmacy;2026-10-29
a41397ec-74ad-4024-bcd7-64e1375e9f55;PETEK ECZANESİ;;Zafer Anıtı Ticaret Merkezi, Gazimağusa;no agreeing OSM pharmacy;2026-10-29
7bcfab40-34b5-4992-a6bc-9c33ea560cc7;PHARGAMOS ECZANESİ;;Şht. Hüseyin Kafa Cad. No: 2, Beyarmudu, Alt Mesarya;no agreeing OSM pharmacy;2026-10-29
502207d5-3fc6-413f-8d58-b5ef9fde46f1;PINAR KEKLİK ECZANESİ;;Karaoğlanoğlu Cad. 198/A, Alsancak, Girne;no agreeing OSM pharmacy;2026-10-29
7cba6bfe-1fa5-4f18-9ef5-332127ada2b7;RANA YONTAR ECZANESİ;;Şht. İbrahim Hasan Sok., Çanakkale, Gazimağusa;no agreeing OSM pharmacy;2026-10-29
efa268f4-1074-4a17-aa82-64f480909cb1;RANYA ECZANESİ;;Şht. Mustafa Ruso Caddesi No: 81/F, Küçük Kaymaklı, Lefkoşa;no agreeing OSM pharmacy;2026-10-29
233918b8-9392-4183-8617-1ac97e34f2b0;REZAN ECZANESİ;;Salamis Yolu, Gazimağusa;no agreeing OSM pharmacy;2026-10-29
d839cf8b-6fb1-4d64-80dd-b3db51f7eb83;RIZKI 2 ECZANESİ;;Çatalköy, Girne;no agreeing OSM pharmacy;2026-10-29
79cb3c74-527a-4e35-9f54-ea446d9a4815;RIZKI ECZANESİ;;Beşparmaklar Cad. No:155/2, Çatalköy, Girne;no agreeing OSM pharmacy;2026-10-29
f95bcd5e-4d60-4708-85c7-0d451ce679df;SABİHA BULDUK ECZANESİ;;Şht. Ecvet Yusuf Cad., Yenişehir, Lefkoşa;no agreeing OSM pharmacy;2026-10-29
e1c03dc9-eb5d-4a62-af32-6a7046aa95ff;SAFİYE ÇAĞANSEL ECZANESİ;;Şht. İsmail Beyoğlu Cad. No:52A, Küçük Kaymaklı, Lefkoşa;no agreeing OSM pharmacy;2026-10-29
14973fb1-214d-4d3a-b5b5-9865618f0ef1;SAKARYA ECZANESİ;;Narlı Sok., Sakarya, Gazimağusa;no agreeing OSM pharmacy;2026-10-29
800bdca4-0d67-475e-9047-a9a8336a5d86;SALİM KARABEKİR ECZANESİ;;Karaoğlanoğlu Cad., Alsancak, Girne;no agreeing OSM pharmacy;2026-10-29
94dfa840-40fa-4f23-bedf-f008eb6ed7a8;SEDEF SONAT ECZANESİ;;Şht. Hasan Cafer Sokak No: 12, Güzelyurt;no agreeing OSM pharmacy;2026-10-29
11f7a104-b83d-4ab8-ac5a-842d4b2ddc39;SELİN ESER ECZANESİ;;Dr. Fazıl Küçük Cad., Girne;no agreeing OSM pharmacy;2026-10-29
0630b011-8c36-47b6-a5a2-0e967980b3dc;SEMAHAT ATAYOL ECZANESİ;;Üç Çakırlar Cad., Maraş, Gazimağusa;no agreeing OSM pharmacy;2026-10-29
acf25df8-5496-4495-a525-cd7d4d442ab2;SERDARLI ECZANESİ;;Serdarlı, Üst Mesarya;no agreeing OSM pharmacy;2026-10-29
87e6abe7-faf4-4a88-bf77-915455483b5c;SERHAT BAYBORA ECZANESİ;;Selvi Sokak, Tuzla, Gazimağusa;no agreeing OSM pharmacy;2026-10-29
833622d3-0e9e-4987-bd12-de8ab4a61681;SERKAN KERVAN ECZANESİ;;Hürriyet Cad. No: 11/B, Hamitköy, Lefkoşa;no agreeing OSM pharmacy;2026-10-29
c6ce9024-988e-49ee-9f1b-feca4e706444;SERNA ECZANESİ;;Belediye Bulvarı No: 2, Yenikent, Lefkoşa;no agreeing OSM pharmacy;2026-10-29
fbdc10a6-c46a-4d86-a55b-3f7cd5cb2c44;SEROL ECZANESİ;;Mustafa Ruso Cad., Küçük Kaymaklı, Lefkoşa;no agreeing OSM pharmacy;2026-10-29
279b434a-3d5d-4e68-a7c2-896a7ec9cc6c;SERPİN ONAY ECZANESİ;;Şht. Mustafa Ruso Cad. No: 84, Küçük Kaymaklı, Lefkoşa;no agreeing OSM pharmacy;2026-10-29
16653430-b7dc-4cc6-8854-4dff60e36f4f;SETENAY BENGİSU ECZANESİ;;Doğanköy, Girne;no agreeing OSM pharmacy;2026-10-29
ab174b44-9e5d-4150-b735-b88f4cc8a616;SEVAL KAYMAK ECZANESİ;;Prof. Dr. Necmettin Erbakan Cad. No: 41/A, Kızılbaş, Lefkoşa;no agreeing OSM pharmacy;2026-10-29
e9a8b21c-ba2c-4b65-807d-fe197c6d7523;SEVCAN ECZANESİ;;Atatürk Cad., Yenişehir, Lefkoşa;no agreeing OSM pharmacy;2026-10-29
1802db43-d550-4fbe-be06-8ad7c494c88c;SEVGİ KARABEKİR ECZANESİ;;20 Temmuz Sokak, Yenikent, Gönyeli, Lefkoşa;no agreeing OSM pharmacy;2026-10-29
7dde22b8-2fda-48f6-b6e8-231cde62a32b;SEVİLAY PIRLANTA ECZANESİ;;Şht. Davut Sadık Sok., İskele;no agreeing OSM pharmacy;2026-10-29
d720c4b1-912f-40e3-b2a7-764dcd20c3f1;SEVİN ÇAĞAY ECZANESİ;;Ecevit Cad. No: 67/B, Girne;no agreeing OSM pharmacy;2026-10-29
140272d5-40cd-4a22-9036-70776ac4c8a9;SEYRANTEPE ECZANESİ;;Atatürk Cad. 46A, Hamitköy, Lefkoşa;no agreeing OSM pharmacy;2026-10-29
bea2849e-d90b-4d7d-8fcb-446264b2db76;SONUÇ ECZANESİ;;Atatürk Cad. No: 7/B, Yenişehir, Lefkoşa;no agreeing OSM pharmacy;2026-10-29
4dcb6d09-3e5b-4dbc-887a-da5b1f4de53f;SOYERLER ECZANESİ;;Karaoğlanoğlu Cad., Alsancak, Girne;no agreeing OSM pharmacy;2026-10-29
cfa18e1e-db52-4517-bd44-7ffd804ee5a0;SÖZÜÖZ ECZANESİ;;Şht. Mehmet Kemal Sok., Küçük Kaymaklı, Lefkoşa;no agreeing OSM pharmacy;2026-10-29
2853a209-bff1-4e08-9912-c946e810ec5f;SULTAN TOPEL ECZANESİ;;Makenzi Cad. No: 6, İskele;no agreeing OSM pharmacy;2026-10-29
df9c3479-69ab-4051-8006-20e1f3e59f0c;SÜHEYLA AŞAN ECZANESİ;;Selçuk Avkıran Sok. No: 1, Taşkınköy, Lefkoşa;no agreeing OSM pharmacy;2026-10-29
73487228-b59a-4b59-81a1-f29aa7fbb656;SÜMER ECZANESİ;;İsmet İnönü Bulvarı 182/A, Gazimağusa;no agreeing OSM pharmacy;2026-10-29
9b78d653-af3a-4606-9d7e-b7b19caf7bf1;ŞEHERLİOĞLU ECZANESİ;;Zafer Caddesi No:30, Haspolat, Üst Mesarya;no agreeing OSM pharmacy;2026-10-29
00e6a0dd-3403-4bbc-821a-fc37ba4cbf2d;ŞERİFE ADEMOĞULLARI ECZANESİ;;Şht. İsmail Dümenci Sok No: 2C, Yenişehir, Lefkoşa;no agreeing OSM pharmacy;2026-10-29
7456a3ad-038e-4884-a6a0-5fed4e0a1cd1;ŞİFA BILDIR ECZANESİ;;Fuat Yakup Sok. No:1/1, Denizli, Lefke;no agreeing OSM pharmacy;2026-10-29
ec14c815-2044-4d78-9120-0b5f4444e6d6;ŞİFA SİPERCİ ECZANESİ;;Büyük Ada Sokak No: 12, Güzelyurt;no agreeing OSM pharmacy;2026-10-29
566ab034-ae58-4549-be17-f980bff5845d;ŞULE YILDIZDOĞAN ECZANESİ;;Salih Miroğlu Cad., Girne;no agreeing OSM pharmacy;2026-10-29
1e242adf-3aff-4c2d-aa1f-37d121d00b3a;TANYA SALİMER ECZANESİ;;15 Ağustos Bulvarı, Baykal, Gazimağusa;no agreeing OSM pharmacy;2026-10-29
649915c6-389a-41a4-af7b-4026a790c9ba;TÖREN ECZANESİ;;Ziya Rızkı Cad., Girne;no agreeing OSM pharmacy;2026-10-29
4ae945b5-717a-4e8f-a2f5-3ce8d71cb97a;TÖRENAĞA ECZANESİ;;Gaz. Kemal Aşık Cad. No: 60, Küçük Kaymaklı, Lefkoşa;no agreeing OSM pharmacy;2026-10-29
73978f6c-3b9f-4495-a57d-588bac6c87ee;TUFAN ECZANESİ;;Çelik İş Merkezi, Demirhan, Üst Mesarya;no agreeing OSM pharmacy;2026-10-29
7cd4070a-a731-43f6-91e9-3b177c70d4af;TULİS ECZANESİ;;Mimar Mehmet Vahip Cad. No: 46/A, Küçük Kaymaklı, Lefkoşa;no agreeing OSM pharmacy;2026-10-29
42a1269e-0006-40f4-9d29-26a01c6090a6;TURGAY PARALI ECZANESİ;;Semih Sancar Cad., Girne;no agreeing OSM pharmacy;2026-10-29
b20625c2-eeed-4df7-ac9f-75ed9339bfa7;TURGUT KORHAN ECZANESİ;;İsmet İnönü Bulvarı, Dumlupınar, Gazimağusa;no agreeing OSM pharmacy;2026-10-29
81e3abf1-353c-4c43-9b52-8e4d8388927f;ULUÇAY ECZANESİ;;Gazimağusa;no agreeing OSM pharmacy;2026-10-29
4c176dc0-7413-45ff-8ac5-45b229a80bbd;ULUS ECZANESİ;;Ecevit Cad. No:11, Lefke;no agreeing OSM pharmacy;2026-10-29
6f9475f3-e77a-4927-bc29-893036b02a93;UMUT ECZANESİ;;Salamis yolu, Gazimağusa;no agreeing OSM pharmacy;2026-10-29
8d635747-3377-4012-9687-566034eb99cd;UMUT ÖKSÜZ ECZANESİ;;Şht. Mustafa Ruso Cad. No:17, Küçük Kaymaklı, Lefkoşa;no agreeing OSM pharmacy;2026-10-29
a874ff90-f092-4563-b881-a22912908abd;UZAY ECZANESİ;;İsmet İnönü Bulvarı, Gazimağusa;no agreeing OSM pharmacy;2026-10-29
f0824328-bd7a-47ad-9e70-93e0eac2f2f6;ÜLKER POZAN ECZANESİ;;Gaz. Hasan Tahsin Cad. 28/2, Ortaköy, Lefkoşa;no agreeing OSM pharmacy;2026-10-29
bba20f64-9f70-4e14-876e-c57b7f75d709;VELİ ATEŞ ECZANESİ;;Salamis Yolu, Gazimağusa;no agreeing OSM pharmacy;2026-10-29
8b61ee3d-b765-4255-bceb-ddb3745fe736;VELİ NURLUÖZ ECZANESİ;;Sakarya, Gazimağusa;no agreeing OSM pharmacy;2026-10-29
5af522c6-f1ff-48f2-8d32-5ecf1e5e92ef;VEZİROĞLU ECZANESİ;;Anafartalar Cad., Karakol, Gazimağusa;no agreeing OSM pharmacy;2026-10-29
0e910f09-e084-4299-9a8c-5141d0ea1250;YAPRAK POLAT ECZANESİ;;Zafer Caddesi No: 34, Haspolat, Üst Mesarya;no agreeing OSM pharmacy;2026-10-29
0e3b49c2-0bb4-4e55-838b-3f535e235910;YAZMAN ECZANESİ;;Devlet Hastanesi Karşısı, Ortaköy, Lefkoşa;no agreeing OSM pharmacy;2026-10-29
1b5136e8-9a79-4d4f-ae44-24e6984f6cda;YELİM ECZANESİ;;Gültekin Şengör Sok., Kumsal, Lefkoşa;no agreeing OSM pharmacy;2026-10-29
d46f8448-3280-4d81-bf1a-35dd907e5403;YENİKENT ECZANESİ;;Belediye Bulvarı, Yenikent, Gönyeli, Lefkoşa;no agreeing OSM pharmacy;2026-10-29
89be73ee-c1ed-46c4-8e78-cec53bb31808;YENİŞEHİR ECZANESİ;;Hüseyin İrfan Sok., Yenişehir, Lefkoşa;no agreeing OSM pharmacy;2026-10-29
843fa4c0-8172-42e1-91e0-ef6a7b4daccb;YEŞİM ECZANESİ;;Şht. Kemal Ünal Cad., Taşkınköy, Lefkoşa;no agreeing OSM pharmacy;2026-10-29
1c146edf-449a-4b89-8c56-2401662153b6;YUSUF TANDOĞAN ECZANESİ (GİRNE);;Beşparmaklar Cad., Çatalköy, Girne;no agreeing OSM pharmacy;2026-10-29
490bc5ba-e2ce-4147-b20d-181c2d53cd18;YUSUF TANDOĞAN ECZANESİ (LEFKOŞA);;Mehmet Akif Cad., Dereboyu, Lefkoşa;no agreeing OSM pharmacy;2026-10-29
7da403f1-8dc2-4fec-b562-82e5a225d004;YÜKSEL ECZANESİ;;Minareliköy, Değirmenlik, Üst Mesarya;no agreeing OSM pharmacy;2026-10-29
42b784ac-7fd4-4546-b548-29eae8a7989e;ZEHRA ECZANESİ;;Şht. Kemal Ünal Cad. No: 11, Taşkınköy, Lefkoşa;no agreeing OSM pharmacy;2026-10-29
411e03d4-4bda-4872-a4be-96fe0d61984d;ZEHRA KELEBEK ECZANESİ;;Mareşal Fevzi Çakmak Cad., Lapta, Girne;no agreeing OSM pharmacy;2026-10-29
9dbfa734-079a-4a80-a60b-7cfdf28c0794;ZERİN VOLKAN ECZANESİ;;Gazimağusa;no agreeing OSM pharmacy;2026-10-29
0e356614-b2d3-4858-a12b-55e3ae2de5ed;ZİYA SENCER ECZANESİ;;Mete Adanır Cad., Girne;no agreeing OSM pharmacy;2026-10-29
