source_key,name,city_name,website_url,source_url,note
yok:173499,Abdullah Gül Üniversitesi,Kayseri,https://www.agu.edu.tr,https://www.yok.gov.tr/tr/university?type=1,devlet
yok:385368,Adana Alparslan Türkeş Bilim ve Teknoloji Üniversitesi,Adana,https://www.atu.edu.tr,https://www.yok.gov.tr/tr/university?type=1,devlet
yok:100259,Adıyaman Üniversitesi,Adıyaman,https://www.adiyaman.edu.tr,https://www.yok.gov.tr/tr/university?type=1,devlet
yok:100869,Afyon Kocatepe Üniversitesi,Afyonkarahisar,https://www.aku.edu.tr,https://www.yok.gov.tr/tr/university?type=1,devlet
yok:339999,Afyonkarahisar Sağlık Bilimleri Üniversitesi,Afyonkarahisar,https://www.afsu.edu.tr,https://www.yok.gov.tr/tr/university?type=1,devlet
yok:101458,Akdeniz Üniversitesi,Antalya,https://www.akdeniz.edu.tr,https://www.yok.gov.tr/tr/university?type=1,devlet
yok:102005,Aksaray Üniversitesi,Aksaray,https://www.aksaray.edu.tr,https://www.yok.gov.tr/tr/university?type=1,devlet
yok:274883,Alanya Alaaddin Keykubat Üniversitesi,Antalya,https://www.alanya.edu.tr,https://www.yok.gov.tr/tr/university?type=1,devlet
yok:102198,Amasya Üniversitesi,Amasya,https://www.amasya.edu.tr,https://www.yok.gov.tr/tr/university?type=1,devlet
yok:102261,Anadolu Üniversitesi,Eskişehir,https://www.anadolu.edu.tr,https://www.yok.gov.tr/tr/university?type=1,devlet
yok:339985,Ankara Hacı Bayram Veli Üniversitesi,Ankara,https://hacibayram.edu.tr,https://www.yok.gov.tr/tr/university?type=1,devlet
yok:324993,Ankara Müzik ve Güzel Sanatlar Üniversitesi,Ankara,https://www.mgu.edu.tr,https://www.yok.gov.tr/tr/university?type=1,devlet
yok:232846,Ankara Sosyal Bilimler Üniversitesi,Ankara,https://www.asbu.edu.tr,https://www.yok.gov.tr/tr/university?type=1,devlet
yok:311737,Ankara Yıldırım Beyazıt Üniversitesi,Ankara,https://www.aybu.edu.tr,https://www.yok.gov.tr/tr/university?type=1,devlet
yok:102738,Ankara Üniversitesi,Ankara,https://www.ankara.edu.tr,https://www.yok.gov.tr/tr/university?type=1,devlet
yok:103400,Ardahan Üniversitesi,Ardahan,https://www.ardahan.edu.tr,https://www.yok.gov.tr/tr/university?type=1,devlet
yok:103443,Artvin Çoruh Üniversitesi,Artvin,https://www.artvin.edu.tr,https://www.yok.gov.tr/tr/university?type=1,devlet
yok:103545,Atatürk Üniversitesi,Erzurum,https://www.atauni.edu.tr,https://www.yok.gov.tr/tr/university?type=1,devlet
yok:364158,Aydın Adnan Menderes Üniversitesi,Aydın,https://www.adu.edu.tr,https://www.yok.gov.tr/tr/university?type=1,devlet
yok:101313,Ağrı İbrahim Çeçen Üniversitesi,Ağrı,https://www.agri.edu.tr,https://www.yok.gov.tr/tr/university?type=1,devlet
yok:104213,Balıkesir Üniversitesi,Balıkesir,https://www.balikesir.edu.tr,https://www.yok.gov.tr/tr/university?type=1,devlet
yok:274881,Bandırma Onyedi Eylül Üniversitesi,Balıkesir,https://www.bandirma.edu.tr,https://www.yok.gov.tr/tr/university?type=1,devlet
yok:104578,Bartın Üniversitesi,Bartın,https://www.bartin.edu.tr,https://www.yok.gov.tr/tr/university?type=1,devlet
yok:104803,Batman Üniversitesi,Batman,https://www.batman.edu.tr,https://www.yok.gov.tr/tr/university?type=1,devlet
yok:104922,Bayburt Üniversitesi,Bayburt,https://bayburt.edu.tr,https://www.yok.gov.tr/tr/university?type=1,devlet
yok:341799,Bolu Abant İzzet Baysal Üniversitesi,Bolu,https://www.ibu.edu.tr,https://www.yok.gov.tr/tr/university?type=1,devlet
yok:105322,Boğaziçi Üniversitesi,İstanbul,https://www.bogazici.edu.tr,https://www.yok.gov.tr/tr/university?type=1,devlet
yok:355074,Burdur Mehmet Akif Ersoy Üniversitesi,Burdur,https://www.mehmetakif.edu.tr,https://www.yok.gov.tr/tr/university?type=1,devlet
yok:173494,Bursa Teknik Üniversitesi,Bursa,https://btu.edu.tr,https://www.yok.gov.tr/tr/university?type=1,devlet
yok:362386,Bursa Uludağ Üniversitesi,Bursa,https://www.uludag.edu.tr,https://www.yok.gov.tr/tr/university?type=1,devlet
yok:105024,Bilecik Şeyh Edebali Üniversitesi,Bilecik,https://www.bilecik.edu.tr,https://www.yok.gov.tr/tr/university?type=1,devlet
yok:105196,Bingöl Üniversitesi,Bingöl,https://www.bingol.edu.tr,https://www.yok.gov.tr/tr/university?type=1,devlet
yok:105248,Bitlis Eren Üniversitesi,Bitlis,https://www.beu.edu.tr,https://www.yok.gov.tr/tr/university?type=1,devlet
yok:108163,Dokuz Eylül Üniversitesi,İzmir,https://www.deu.edu.tr,https://www.yok.gov.tr/tr/university?type=1,devlet
yok:109110,Düzce Üniversitesi,Düzce,https://www.duzce.edu.tr,https://www.yok.gov.tr/tr/university?type=1,devlet
yok:107723,Dicle Üniversitesi,Diyarbakır,https://www.dicle.edu.tr,https://www.yok.gov.tr/tr/university?type=1,devlet
yok:109290,Ege Üniversitesi,İzmir,https://www.ege.edu.tr,https://www.yok.gov.tr/tr/university?type=1,devlet
yok:109868,Erciyes Üniversitesi,Kayseri,https://www.erciyes.edu.tr,https://www.yok.gov.tr/tr/university?type=1,devlet
yok:173495,Erzurum Teknik Üniversitesi,Erzurum,https://www.erzurum.edu.tr,https://www.yok.gov.tr/tr/university?type=1,devlet
yok:370189,Erzincan Binali Yıldırım Üniversitesi,Erzincan,https://www.ebyu.edu.tr,https://www.yok.gov.tr/tr/university?type=1,devlet
yok:110538,Eskişehir Osmangazi Üniversitesi,Eskişehir,https://www.ogu.edu.tr,https://www.yok.gov.tr/tr/university?type=1,devlet
yok:339997,Eskişehir Teknik Üniversitesi,Eskişehir,https://www.eskisehir.edu.tr,https://www.yok.gov.tr/tr/university?type=1,devlet
yok:110987,Fırat Üniversitesi,Elazığ,https://www.firat.edu.tr,https://www.yok.gov.tr/tr/university?type=1,devlet
yok:111395,Galatasaray Üniversitesi,İstanbul,https://gsu.edu.tr,https://www.yok.gov.tr/tr/university?type=1,devlet
yok:133520,Gazi Üniversitesi,Ankara,https://gazi.edu.tr,https://www.yok.gov.tr/tr/university?type=1,devlet
yok:112080,Gaziantep Üniversitesi,Gaziantep,https://www.gantep.edu.tr,https://www.yok.gov.tr/tr/university?type=1,devlet
yok:384577,Gaziantep İslam Bilim ve Teknoloji Üniversitesi,Gaziantep,https://www.gibtu.edu.tr,https://www.yok.gov.tr/tr/university?type=1,devlet
yok:260621,Gebze Teknik Üniversitesi,Kocaeli,https://www.gtu.edu.tr,https://www.yok.gov.tr/tr/university?type=1,devlet
yok:113023,Gümüşhane Üniversitesi,Gümüşhane,https://www.gumushane.edu.tr,https://www.yok.gov.tr/tr/university?type=1,devlet
yok:112836,Giresun Üniversitesi,Giresun,https://www.giresun.edu.tr,https://www.yok.gov.tr/tr/university?type=1,devlet
yok:113082,Hacettepe Üniversitesi,Ankara,https://hacettepe.edu.tr,https://www.yok.gov.tr/tr/university?type=1,devlet
yok:113681,Hakkari Üniversitesi,Hakkari,https://www.hakkari.edu.tr,https://www.yok.gov.tr/tr/university?type=1,devlet
yok:113746,Harran Üniversitesi,Şanlıurfa,https://www.harran.edu.tr,https://www.yok.gov.tr/tr/university?type=1,devlet
yok:367208,Hatay Mustafa Kemal Üniversitesi,Hatay,https://www.mku.edu.tr,https://www.yok.gov.tr/tr/university?type=1,devlet
yok:114218,Hitit Üniversitesi,Çorum,https://www.hitit.edu.tr,https://www.yok.gov.tr/tr/university?type=1,devlet
yok:339998,Isparta Uygulamalı Bilimler Üniversitesi,Isparta,https://isparta.edu.tr,https://www.yok.gov.tr/tr/university?type=1,devlet
yok:114315,Iğdır Üniversitesi,Iğdır,https://www.igdir.edu.tr,https://www.yok.gov.tr/tr/university?type=1,devlet
yok:116345,Kafkas Üniversitesi,Kars,https://www.kafkas.edu.tr,https://www.yok.gov.tr/tr/university?type=1,devlet
yok:116608,Kahramanmaraş Sütçü İmam Üniversitesi,Kahramanmaraş,https://www.ksu.edu.tr,https://www.yok.gov.tr/tr/university?type=1,devlet
yok:339994,Kahramanmaraş İstiklal Üniversitesi,Kahramanmaraş,https://www.istiklal.edu.tr,https://www.yok.gov.tr/tr/university?type=1,devlet
yok:116950,Karabük Üniversitesi,Karabük,https://www.karabuk.edu.tr,https://www.yok.gov.tr/tr/university?type=1,devlet
yok:117127,Karadeniz Teknik Üniversitesi,Trabzon,https://www.ktu.edu.tr,https://www.yok.gov.tr/tr/university?type=1,devlet
yok:117553,Karamanoğlu Mehmetbey Üniversitesi,Karaman,https://www.kmu.edu.tr,https://www.yok.gov.tr/tr/university?type=1,devlet
yok:117673,Kastamonu Üniversitesi,Kastamonu,https://www.kastamonu.edu.tr,https://www.yok.gov.tr/tr/university?type=1,devlet
yok:339993,Kayseri Üniversitesi,Kayseri,https://www.kayseri.edu.tr,https://www.yok.gov.tr/tr/university?type=1,devlet
yok:117803,Kırıkkale Üniversitesi,Kırıkkale,https://kku.edu.tr,https://www.yok.gov.tr/tr/university?type=1,devlet
yok:118122,Kırklareli Üniversitesi,Kırklareli,https://www.klu.edu.tr,https://www.yok.gov.tr/tr/university?type=1,devlet
yok:354265,Kırşehir Ahi Evran Üniversitesi,Kırşehir,https://www.ahievran.edu.tr,https://www.yok.gov.tr/tr/university?type=1,devlet
yok:118239,Kocaeli Üniversitesi,Kocaeli,https://www.kocaeli.edu.tr,https://www.yok.gov.tr/tr/university?type=1,devlet
yok:339979,Konya Teknik Üniversitesi,Konya,https://www.ktun.edu.tr,https://www.yok.gov.tr/tr/university?type=1,devlet
yok:351149,Kütahya Dumlupınar Üniversitesi,Kütahya,https://dpu.edu.tr,https://www.yok.gov.tr/tr/university?type=1,devlet
yok:339982,Kütahya Sağlık Bilimleri Üniversitesi,Kütahya,https://www.ksbu.edu.tr,https://www.yok.gov.tr/tr/university?type=1,devlet
yok:118186,Kilis 7 Aralık Üniversitesi,Kilis,https://www.kilis.edu.tr,https://www.yok.gov.tr/tr/university?type=1,devlet
yok:339983,Malatya Turgut Özal Üniversitesi,Malatya,https://www.ozal.edu.tr,https://www.yok.gov.tr/tr/university?type=1,devlet
yok:315839,Manisa Celal Bayar Üniversitesi,Manisa,https://www.cbu.edu.tr,https://www.yok.gov.tr/tr/university?type=1,devlet
yok:118994,Mardin Artuklu Üniversitesi,Mardin,https://www.artuklu.edu.tr,https://www.yok.gov.tr/tr/university?type=1,devlet
yok:119094,Marmara Üniversitesi,İstanbul,https://www.marmara.edu.tr,https://www.yok.gov.tr/tr/university?type=1,devlet
yok:119917,Mersin Üniversitesi,Mersin,https://www.mersin.edu.tr,https://www.yok.gov.tr/tr/university?type=1,devlet
yok:307919,Munzur Üniversitesi,Tunceli,https://www.munzur.edu.tr,https://www.yok.gov.tr/tr/university?type=1,devlet
yok:120444,Muğla Sıtkı Koçman Üniversitesi,Muğla,https://www.mu.edu.tr,https://www.yok.gov.tr/tr/university?type=1,devlet
yok:121164,Muş Alparslan Üniversitesi,Muş,https://www.alparslan.edu.tr,https://www.yok.gov.tr/tr/university?type=1,devlet
yok:120301,Mimar Sinan Güzel Sanatlar Üniversitesi,İstanbul,https://www.msgsu.edu.tr,https://www.yok.gov.tr/tr/university?type=1,devlet
yok:173500,Necmettin Erbakan Üniversitesi,Konya,https://www.erbakan.edu.tr,https://www.yok.gov.tr/tr/university?type=1,devlet
yok:246224,Nevşehir Hacı Bektaş Veli Üniversitesi,Nevşehir,https://www.nevsehir.edu.tr,https://www.yok.gov.tr/tr/university?type=1,devlet
yok:306556,Niğde Ömer Halisdemir Üniversitesi,Niğde,https://www.ohu.edu.tr,https://www.yok.gov.tr/tr/university?type=1,devlet
yok:121946,Ondokuz Mayıs Üniversitesi,Samsun,https://www.omu.edu.tr,https://www.yok.gov.tr/tr/university?type=1,devlet
yok:122395,Ordu Üniversitesi,Ordu,https://www.odu.edu.tr,https://www.yok.gov.tr/tr/university?type=1,devlet
yok:122571,Orta Doğu Teknik Üniversitesi,Ankara,https://www.metu.edu.tr,https://www.yok.gov.tr/tr/university?type=1,devlet
yok:122735,Osmaniye Korkut Ata Üniversitesi,Osmaniye,https://www.osmaniye.edu.tr,https://www.yok.gov.tr/tr/university?type=1,devlet
yok:122831,Pamukkale Üniversitesi,Denizli,https://www.pau.edu.tr,https://www.yok.gov.tr/tr/university?type=1,devlet
yok:123221,Recep Tayyip Erdoğan Üniversitesi,Rize,https://erdogan.edu.tr,https://www.yok.gov.tr/tr/university?type=1,devlet
yok:339988,Sakarya Uygulamalı Bilimler Üniversitesi,Sakarya,https://www.subu.edu.tr,https://www.yok.gov.tr/tr/university?type=1,devlet
yok:123409,Sakarya Üniversitesi,Sakarya,https://www.sakarya.edu.tr,https://www.yok.gov.tr/tr/university?type=1,devlet
yok:339989,Samsun Üniversitesi,Samsun,https://www.samsun.edu.tr,https://www.yok.gov.tr/tr/university?type=1,devlet
yok:270121,Sağlık Bilimleri Üniversitesi,İstanbul,https://www.sbu.edu.tr,https://www.yok.gov.tr/tr/university?type=1,devlet
yok:123902,Selçuk Üniversitesi,Konya,https://www.selcuk.edu.tr,https://www.yok.gov.tr/tr/university?type=1,devlet
yok:124902,Süleyman Demirel Üniversitesi,Isparta,https://www.sdu.edu.tr,https://www.yok.gov.tr/tr/university?type=1,devlet
yok:124805,Sinop Üniversitesi,Sinop,https://www.sinop.edu.tr,https://www.yok.gov.tr/tr/university?type=1,devlet
yok:339990,Sivas Bilim ve Teknoloji Üniversitesi,Sivas,https://www.sivas.edu.tr,https://www.yok.gov.tr/tr/university?type=1,devlet
yok:344737,Sivas Cumhuriyet Üniversitesi,Sivas,https://www.cumhuriyet.edu.tr,https://www.yok.gov.tr/tr/university?type=1,devlet
yok:124703,Siirt Üniversitesi,Siirt,https://siirt.edu.tr,https://www.yok.gov.tr/tr/university?type=1,devlet
yok:339991,Tarsus Üniversitesi,Mersin,https://www.tarsus.edu.tr,https://www.yok.gov.tr/tr/university?type=1,devlet
yok:356278,Tekirdağ Namık Kemal Üniversitesi,Tekirdağ,https://www.nku.edu.tr,https://www.yok.gov.tr/tr/university?type=1,devlet
yok:367245,Tokat Gaziosmanpaşa Üniversitesi,Tokat,https://www.gop.edu.tr,https://www.yok.gov.tr/tr/university?type=1,devlet
yok:339992,Trabzon Üniversitesi,Trabzon,https://www.trabzon.edu.tr,https://www.yok.gov.tr/tr/university?type=1,devlet
yok:125577,Trakya Üniversitesi,Edirne,https://www.trakya.edu.tr,https://www.yok.gov.tr/tr/university?type=1,devlet
yok:201784,Türk-Alman Üniversitesi,İstanbul,https://www.tau.edu.tr,https://www.yok.gov.tr/tr/university?type=1,devlet
yok:274884,"Türkiye Uluslararası İslam, Bilim ve Teknoloji Üniversitesi",İstanbul,https://www.tibu.edu.tr,https://www.yok.gov.tr/tr/university?type=1,devlet
yok:126537,Uşak Üniversitesi,Uşak,https://www.usak.edu.tr,https://www.yok.gov.tr/tr/university?type=1,devlet
yok:337414,Van Yüzüncü Yıl Üniversitesi,Van,https://www.yyu.edu.tr,https://www.yok.gov.tr/tr/university?type=1,devlet
yok:126742,Yalova Üniversitesi,Yalova,https://www.yalova.edu.tr,https://www.yok.gov.tr/tr/university?type=1,devlet
yok:126982,Yıldız Teknik Üniversitesi,İstanbul,https://www.yildiz.edu.tr,https://www.yok.gov.tr/tr/university?type=1,devlet
yok:359730,Yozgat Bozok Üniversitesi,Yozgat,https://www.bozok.edu.tr,https://www.yok.gov.tr/tr/university?type=1,devlet
yok:365890,Zonguldak Bülent Ecevit Üniversitesi,Zonguldak,https://www.beun.edu.tr,https://www.yok.gov.tr/tr/university?type=1,devlet
yok:106545,Çanakkale Onsekiz Mart Üniversitesi,Çanakkale,https://www.comu.edu.tr,https://www.yok.gov.tr/tr/university?type=1,devlet
yok:107056,Çankırı Karatekin Üniversitesi,Çankırı,https://www.karatekin.edu.tr,https://www.yok.gov.tr/tr/university?type=1,devlet
yok:107211,Çukurova Üniversitesi,Adana,https://www.cu.edu.tr,https://www.yok.gov.tr/tr/university?type=1,devlet
yok:114436,İnönü Üniversitesi,Malatya,https://www.inonu.edu.tr,https://www.yok.gov.tr/tr/university?type=1,devlet
yok:274882,İskenderun Teknik Üniversitesi,Hatay,https://www.iste.edu.tr,https://www.yok.gov.tr/tr/university?type=1,devlet
yok:173496,İstanbul Medeniyet Üniversitesi,İstanbul,https://www.medeniyet.edu.tr,https://www.yok.gov.tr/tr/university?type=1,devlet
yok:115069,İstanbul Teknik Üniversitesi,İstanbul,https://www.itu.edu.tr,https://www.yok.gov.tr/tr/university?type=1,devlet
yok:115373,İstanbul Üniversitesi,İstanbul,https://www.istanbul.edu.tr,https://www.yok.gov.tr/tr/university?type=1,devlet
yok:339984,İstanbul Üniversitesi-Cerrahpaşa,İstanbul,https://iuc.edu.tr,https://www.yok.gov.tr/tr/university?type=1,devlet
yok:302686,İzmir Bakırçay Üniversitesi,İzmir,https://bakircay.edu.tr,https://www.yok.gov.tr/tr/university?type=1,devlet
yok:302685,İzmir Demokrasi Üniversitesi,İzmir,https://www.idu.edu.tr,https://www.yok.gov.tr/tr/university?type=1,devlet
yok:173498,İzmir Kâtip Çelebi Üniversitesi,İzmir,https://www.ikc.edu.tr,https://www.yok.gov.tr/tr/university?type=1,devlet
yok:116207,İzmir Yüksek Teknoloji Enstitüsü,İzmir,https://www.iyte.edu.tr,https://www.yok.gov.tr/tr/university?type=1,devlet
yok:125536,Şırnak Üniversitesi,Şırnak,https://www.sirnak.edu.tr,https://www.yok.gov.tr/tr/university?type=1,devlet
yok:326654,Acıbadem Mehmet Ali Aydınlar Üniversitesi,İstanbul,https://www.acibadem.edu.tr,https://www.yok.gov.tr/tr/university?type=2,vakıf
yok:447835,Alanya Üniversitesi,Antalya,https://www.alanyauniversity.edu.tr,https://www.yok.gov.tr/tr/university?type=2,vakıf
yok:326019,Altınbaş Üniversitesi,İstanbul,https://www.altinbas.edu.tr,https://www.yok.gov.tr/tr/university?type=2,vakıf
yok:411762,Ankara Bilim Üniversitesi,Ankara,https://www.ankarabilim.edu.tr,https://www.yok.gov.tr/tr/university?type=2,vakıf
yok:340001,Ankara Medipol Üniversitesi,Ankara,https://www.ankaramedipol.edu.tr,https://www.yok.gov.tr/tr/university?type=2,vakıf
yok:447662,Antalya Belek Üniversitesi,Antalya,https://www.belek.edu.tr,https://www.yok.gov.tr/tr/university?type=2,vakıf
yok:327022,Antalya Bilim Üniversitesi,Antalya,https://www.antalya.edu.tr,https://www.yok.gov.tr/tr/university?type=2,vakıf
yok:104090,Atılım Üniversitesi,Ankara,https://www.atilim.edu.tr,https://www.yok.gov.tr/tr/university?type=2,vakıf
yok:205351,Avrasya Üniversitesi,Trabzon,https://www.avrasya.edu.tr,https://www.yok.gov.tr/tr/university?type=2,vakıf
yok:104140,Bahçeşehir Üniversitesi,İstanbul,https://www.bahcesehir.edu.tr,https://www.yok.gov.tr/tr/university?type=2,vakıf
yok:104628,Başkent Üniversitesi,Ankara,https://www.baskent.edu.tr,https://www.yok.gov.tr/tr/university?type=2,vakıf
yok:306383,Beykoz Üniversitesi,İstanbul,https://www.beykoz.edu.tr,https://www.yok.gov.tr/tr/university?type=2,vakıf
yok:163894,Bezm-i Âlem Vakıf Üniversitesi,İstanbul,https://www.bezmialem.edu.tr,https://www.yok.gov.tr/tr/university?type=2,vakıf
yok:251241,Biruni Üniversitesi,İstanbul,https://www.biruni.edu.tr,https://www.yok.gov.tr/tr/university?type=2,vakıf
yok:384591,Demiroğlu Bilim Üniversitesi,İstanbul,https://demiroglu.bilim.edu.tr,https://www.yok.gov.tr/tr/university?type=2,vakıf
yok:108112,Doğuş Üniversitesi,İstanbul,https://www.dogus.edu.tr,https://www.yok.gov.tr/tr/university?type=2,vakıf
yok:163897,Fatih Sultan Mehmet Vakıf Üniversitesi,İstanbul,https://www.fsm.edu.tr,https://www.yok.gov.tr/tr/university?type=2,vakıf
yok:310017,Fenerbahçe Üniversitesi,İstanbul,https://www.fbu.edu.tr,https://www.yok.gov.tr/tr/university?type=2,vakıf
yok:113699,Haliç Üniversitesi,İstanbul,https://www.halic.edu.tr,https://www.yok.gov.tr/tr/university?type=2,vakıf
yok:138586,Hasan Kalyoncu Üniversitesi,Gaziantep,https://www.hku.edu.tr,https://www.yok.gov.tr/tr/university?type=2,vakıf
yok:114385,Işık Üniversitesi,İstanbul,https://www.isikun.edu.tr,https://www.yok.gov.tr/tr/university?type=2,vakıf
yok:116281,Kadir Has Üniversitesi,İstanbul,https://www.khas.edu.tr,https://www.yok.gov.tr/tr/university?type=2,vakıf
yok:325756,Kapadokya Üniversitesi,Nevşehir,https://www.kapadokya.edu.tr,https://www.yok.gov.tr/tr/university?type=2,vakıf
yok:411763,Kocaeli Sağlık ve Teknoloji Üniversitesi,Kocaeli,https://www.kocaelisaglik.edu.tr,https://www.yok.gov.tr/tr/university?type=2,vakıf
yok:241176,Konya Gıda ve Tarım Üniversitesi,Konya,https://www.gidatarim.edu.tr,https://www.yok.gov.tr/tr/university?type=2,vakıf
yok:118853,Koç Üniversitesi,İstanbul,https://www.ku.edu.tr,https://www.yok.gov.tr/tr/university?type=2,vakıf
yok:166433,KTO Karatay Üniversitesi,Konya,https://www.karatay.edu.tr,https://www.yok.gov.tr/tr/university?type=2,vakıf
yok:332474,Lokman Hekim Üniversitesi,Ankara,https://www.lokmanhekim.edu.tr,https://www.yok.gov.tr/tr/university?type=2,vakıf
yok:118883,Maltepe Üniversitesi,İstanbul,https://www.maltepe.edu.tr,https://www.yok.gov.tr/tr/university?type=2,vakıf
yok:215913,MEF Üniversitesi,İstanbul,https://www.mef.edu.tr,https://www.yok.gov.tr/tr/university?type=2,vakıf
yok:442563,Mudanya Üniversitesi,Bursa,https://mudanya.edu.tr,https://www.yok.gov.tr/tr/university?type=2,vakıf
yok:163891,Nuh Naci Yazgan Üniversitesi,Kayseri,https://www.nny.edu.tr,https://www.yok.gov.tr/tr/university?type=2,vakıf
yok:324992,OSTİM Teknik Üniversitesi,Ankara,https://www.ostimteknik.edu.tr,https://www.yok.gov.tr/tr/university?type=2,vakıf
yok:136233,Piri Reis Üniversitesi,İstanbul,https://www.pirireis.edu.tr,https://www.yok.gov.tr/tr/university?type=2,vakıf
yok:123400,Sabancı Üniversitesi,İstanbul,https://www.sabanciuniv.edu,https://www.yok.gov.tr/tr/university?type=2,vakıf
yok:241177,SANKO Üniversitesi,Gaziantep,https://www.sanko.edu.tr,https://www.yok.gov.tr/tr/university?type=2,vakıf
yok:163892,TED Üniversitesi,Ankara,https://www.tedu.edu.tr,https://www.yok.gov.tr/tr/university?type=2,vakıf
yok:125552,TOBB Ekonomi ve Teknoloji Üniversitesi,Ankara,https://www.etu.edu.tr,https://www.yok.gov.tr/tr/university?type=2,vakıf
yok:163889,Toros Üniversitesi,Mersin,https://www.toros.edu.tr,https://www.yok.gov.tr/tr/university?type=2,vakıf
yok:203267,Türk Hava Kurumu Üniversitesi,Ankara,https://www.thk.edu.tr,https://www.yok.gov.tr/tr/university?type=2,vakıf
yok:125968,Ufuk Üniversitesi,Ankara,https://www.ufuk.edu.tr,https://www.yok.gov.tr/tr/university?type=2,vakıf
yok:126773,Yaşar Üniversitesi,İzmir,https://www.yasar.edu.tr,https://www.yok.gov.tr/tr/university?type=2,vakıf
yok:126818,Yeditepe Üniversitesi,İstanbul,https://www.yeditepe.edu.tr,https://www.yok.gov.tr/tr/university?type=2,vakıf
yok:206792,Yüksek İhtisas Üniversitesi,Ankara,https://www.yuksekihtisasuniversitesi.edu.tr,https://www.yok.gov.tr/tr/university?type=2,vakıf
yok:107012,Çankaya Üniversitesi,Ankara,https://www.cankaya.edu.tr,https://www.yok.gov.tr/tr/university?type=2,vakıf
yok:106499,Çağ Üniversitesi,Mersin,https://www.cag.edu.tr,https://www.yok.gov.tr/tr/university?type=2,vakıf
yok:122827,Özyeğin Üniversitesi,İstanbul,https://www.ozyegin.edu.tr,https://www.yok.gov.tr/tr/university?type=2,vakıf
yok:206795,Üsküdar Üniversitesi,İstanbul,https://www.uskudar.edu.tr,https://www.yok.gov.tr/tr/university?type=2,vakıf
yok:274887,İbn Haldun Üniversitesi,İstanbul,https://www.ihu.edu.tr,https://www.yok.gov.tr/tr/university?type=2,vakıf
yok:105118,İhsan Doğramacı Bilkent Üniversitesi,Ankara,https://www.bilkent.edu.tr,https://www.yok.gov.tr/tr/university?type=2,vakıf
yok:163900,İstanbul 29 Mayıs Üniversitesi,İstanbul,https://www.29mayis.edu.tr,https://www.yok.gov.tr/tr/university?type=2,vakıf
yok:114773,İstanbul Arel Üniversitesi,İstanbul,https://www.arel.edu.tr,https://www.yok.gov.tr/tr/university?type=2,vakıf
yok:339995,İstanbul Atlas Üniversitesi,İstanbul,https://www.atlas.edu.tr,https://www.yok.gov.tr/tr/university?type=2,vakıf
yok:114827,İstanbul Aydın Üniversitesi,İstanbul,https://www.aydin.edu.tr,https://www.yok.gov.tr/tr/university?type=2,vakıf
yok:448766,İstanbul Beykent Üniversitesi,İstanbul,https://www.beykent.edu.tr,https://www.yok.gov.tr/tr/university?type=2,vakıf
yok:114907,İstanbul Bilgi Üniversitesi,İstanbul,https://www.bilgi.edu.tr,https://www.yok.gov.tr/tr/university?type=2,vakıf
yok:241174,İstanbul Esenyurt Üniversitesi,İstanbul,https://www.esenyurt.edu.tr,https://www.yok.gov.tr/tr/university?type=2,vakıf
yok:391144,İstanbul Galata Üniversitesi,İstanbul,https://www.galata.edu.tr,https://www.yok.gov.tr/tr/university?type=2,vakıf
yok:315098,İstanbul Gedik Üniversitesi,İstanbul,https://www.gedik.edu.tr,https://www.yok.gov.tr/tr/university?type=2,vakıf
yok:130959,İstanbul Gelişim Üniversitesi,İstanbul,https://www.gelisim.edu.tr,https://www.yok.gov.tr/tr/university?type=2,vakıf
yok:302687,İstanbul Kent Üniversitesi,İstanbul,https://www.kent.edu.tr,https://www.yok.gov.tr/tr/university?type=2,vakıf
yok:115022,İstanbul Kültür Üniversitesi,İstanbul,https://www.iku.edu.tr,https://www.yok.gov.tr/tr/university?type=2,vakıf
yok:163888,İstanbul Medipol Üniversitesi,İstanbul,https://www.medipol.edu.tr,https://www.yok.gov.tr/tr/university?type=2,vakıf
yok:447904,İstanbul Nişantaşı Üniversitesi,İstanbul,https://www.nisantasi.edu.tr,https://www.yok.gov.tr/tr/university?type=2,vakıf
yok:360777,İstanbul Okan Üniversitesi,İstanbul,https://www.okan.edu.tr,https://www.yok.gov.tr/tr/university?type=2,vakıf
yok:274886,İstanbul Rumeli Üniversitesi,İstanbul,https://www.rumeli.edu.tr,https://www.yok.gov.tr/tr/university?type=2,vakıf
yok:163898,İstanbul Sabahattin Zaim Üniversitesi,İstanbul,https://www.izu.edu.tr,https://www.yok.gov.tr/tr/university?type=2,vakıf
yok:410560,İstanbul Sağlık ve Teknoloji Üniversitesi,İstanbul,https://www.istun.edu.tr,https://www.yok.gov.tr/tr/university?type=2,vakıf
yok:440213,İstanbul Topkapı Üniversitesi,İstanbul,https://www.topkapi.edu.tr,https://www.yok.gov.tr/tr/university?type=2,vakıf
yok:115335,İstanbul Ticaret Üniversitesi,İstanbul,https://www.ticaret.edu.tr,https://www.yok.gov.tr/tr/university?type=2,vakıf
yok:315415,İstanbul Yeni Yüzyıl Üniversitesi,İstanbul,https://www.yeniyuzyil.edu.tr,https://www.yok.gov.tr/tr/university?type=2,vakıf
yok:274888,İstinye Üniversitesi,İstanbul,https://www.istinye.edu.tr,https://www.yok.gov.tr/tr/university?type=2,vakıf
yok:116147,İzmir Ekonomi Üniversitesi,İzmir,https://www.ieu.edu.tr,https://www.yok.gov.tr/tr/university?type=2,vakıf
yok:339996,İzmir Tınaztepe Üniversitesi,İzmir,https://www.tinaztepe.edu.tr,https://www.yok.gov.tr/tr/university?type=2,vakıf
